id,ds,device_id,value,voltage,current,power,energy,frequency,power_factor
4063,2026-01-10 12:36:46.135623,ESP32-CS-C201,128.0833,238.6333,0.697333,128.0833,0.246167,49.88333,0.766667
4064,2026-01-10 12:37:45.833779,ESP32-CS-C201,128.4,238.7,0.700667,128.4,0.2485,49.9,0.768333
4065,2026-01-10 12:38:45.893637,ESP32-CS-C201,111.6167,238.5,0.603,111.6167,0.2505,49.9,0.776667
4066,2026-01-10 12:39:46.356412,ESP32-CS-C201,115.5167,237.2333,0.619667,115.5167,0.2525,49.86666,0.783333
4067,2026-01-10 12:40:45.955483,ESP32-CS-C201,110.7333,236.5,0.601667,110.7333,0.254167,49.81667,0.778333
4068,2026-01-10 12:41:45.96493,ESP32-CS-C201,119.4167,234.75,0.641667,119.4167,0.256167,49.8,0.791667
4069,2026-01-10 12:42:45.972398,ESP32-CS-C201,112.4833,237.1,0.608,112.4833,0.258167,49.81667,0.781667
4070,2026-01-10 12:43:45.977399,ESP32-CS-C201,111.4833,237.7833,0.6015,111.4833,0.259833,49.8,0.78
4071,2026-01-10 12:44:46.188633,ESP32-CS-C201,110.1,237.75,0.603,110.1,0.261833,49.8,0.765
4072,2026-01-10 12:45:45.914597,ESP32-CS-C201,111.2,234.0333,0.613833,111.2,0.263667,49.8,0.775
4073,2026-01-10 12:46:45.960611,ESP32-CS-C201,109.5,232.7667,0.609667,109.5,0.2655,49.8,0.771667
4074,2026-01-10 12:47:45.953608,ESP32-CS-C201,112.2667,233.9167,0.628,112.2667,0.2675,49.8,0.765
4075,2026-01-10 12:48:46.216396,ESP32-CS-C201,118.0167,236.1167,0.660667,118.0167,0.2695,49.75,0.755
4076,2026-01-10 12:49:46.225492,ESP32-CS-C201,119.1833,235.85,0.672,119.1833,0.271333,49.76667,0.75
4077,2026-01-10 12:50:46.054628,ESP32-CS-C201,121.75,235.0667,0.685333,121.75,0.273333,49.75,0.755
4078,2026-01-10 12:51:46.250007,ESP32-CS-C201,117.1,237.5167,0.652333,117.1,0.275167,49.78334,0.756667
4079,2026-01-10 12:52:46.245539,ESP32-CS-C201,111.8,235.85,0.633167,111.8,0.277167,49.76667,0.75
4080,2026-01-10 12:53:46.054244,ESP32-CS-C201,109.5333,233.6333,0.618333,109.5333,0.279,49.8,0.756667
4081,2026-01-10 12:54:46.258726,ESP32-CS-C201,105.0167,234.8333,0.5995,105.0167,0.280833,49.8,0.746667
4082,2026-01-10 12:55:46.268354,ESP32-CS-C201,98.98334,237.2833,0.560833,98.98334,0.2825,49.86667,0.745
4083,2026-01-10 12:56:46.273142,ESP32-CS-C201,98.33334,237.2167,0.558667,98.33334,0.284167,49.9,0.74
4084,2026-01-10 12:57:46.160578,ESP32-CS-C201,103.1667,236.65,0.573833,103.1667,0.285833,49.91667,0.76
4085,2026-01-10 12:58:46.167134,ESP32-CS-C201,92.88333,237.1,0.517333,92.88333,0.2875,49.93333,0.758333
4086,2026-01-10 12:59:46.354247,ESP32-CS-C201,94.89999,236.4167,0.532833,94.89999,0.289,49.96666,0.753333
4087,2026-01-10 13:00:46.507149,ESP32-CS-C201,92.05,235.6,0.511333,92.05,0.2905,50,0.763333
4088,2026-01-10 13:01:46.718345,ESP32-CS-C201,85.69999,236,0.473833,85.69999,0.292,50,0.766667
4089,2026-01-10 13:02:46.316178,ESP32-CS-C201,81.95,235.7167,0.4605,81.95,0.2935,50,0.755
4090,2026-01-10 13:03:46.226029,ESP32-CS-C201,81.48333,235.35,0.461167,81.48333,0.294833,50,0.75
4091,2026-01-10 13:04:46.2752,ESP32-CS-C201,72.83334,235.4333,0.414833,72.83334,0.296167,50.01667,0.745
4092,2026-01-10 13:05:46.337259,ESP32-CS-C201,70.78333,235.35,0.405167,70.78333,0.2975,50.01667,0.743333
4093,2026-01-10 13:06:46.322512,ESP32-CS-C201,67.93333,234.7,0.3905,67.93333,0.2985,50,0.741667
4094,2026-01-10 13:07:46.35368,ESP32-CS-C201,68.86666,235.0333,0.399167,68.86666,0.299667,50,0.735
4095,2026-01-10 13:08:46.319236,ESP32-CS-C201,79.65,235.8667,0.461167,79.65,0.301,50,0.731667
4096,2026-01-10 13:09:46.314046,ESP32-CS-C201,89.16666,235.55,0.519167,89.16666,0.3025,49.91667,0.726667
4097,2026-01-10 13:10:46.577535,ESP32-CS-C201,78.83334,235,0.459167,78.83334,0.303833,49.9,0.73
4098,2026-01-10 13:11:46.58471,ESP32-CS-C201,75.18333,234.5333,0.4415,75.18333,0.305333,49.9,0.725
4099,2026-01-10 13:12:46.417841,ESP32-CS-C201,81.10001,233.8,0.456,81.10001,0.3065,49.9,0.76
4100,2026-01-10 13:13:46.604556,ESP32-CS-C201,62.31667,234.0167,0.359667,62.31667,0.307667,49.9,0.743333
4101,2026-01-10 13:14:46.606461,ESP32-CS-C201,63.15,234.0167,0.376333,63.15,0.308667,49.91667,0.718333
4102,2026-01-10 13:15:46.917657,ESP32-CS-C201,46.25,234.1167,0.268333,46.25,0.309667,49.91667,0.74
4103,2026-01-10 13:16:46.836335,ESP32-CS-C201,30.86667,234.2667,0.169833,30.86667,0.31,49.9,0.775
4104,2026-01-10 13:17:46.727105,ESP32-CS-C201,31.11667,234.5167,0.171167,31.11667,0.311,49.9,0.773333
4105,2026-01-10 13:18:46.721806,ESP32-CS-C201,28.95,234.7167,0.162,28.95,0.311,49.9,0.761667
4106,2026-01-10 13:19:46.732837,ESP32-CS-C201,35.35,234.5167,0.187,35.35,0.312,49.9,0.805
4107,2026-01-10 13:20:46.636184,ESP32-CS-C201,34.43333,234.2667,0.1835,34.43333,0.312333,49.9,0.803333
4108,2026-01-10 13:21:46.630585,ESP32-CS-C201,33.58334,236.65,0.179333,33.58334,0.313,49.9,0.791667
4109,2026-01-10 13:22:46.961841,ESP32-CS-C201,33.05,236.7667,0.177167,33.05,0.3135,49.9,0.79
4110,2026-01-10 13:23:46.975724,ESP32-CS-C201,32.48333,235.6833,0.174833,32.48333,0.314,49.91667,0.786667
4111,2026-01-10 13:24:46.983728,ESP32-CS-C201,32.63334,235.35,0.175833,32.63334,0.314667,49.98333,0.786667
4112,2026-01-10 13:25:46.893709,ESP32-CS-C201,31.13333,234.8,0.170333,31.13333,0.315,49.93333,0.778333
4113,2026-01-10 13:26:46.998343,ESP32-CS-C201,31.08333,235.8,0.169667,31.08333,0.315833,49.91667,0.775
4114,2026-01-10 13:27:46.909642,ESP32-CS-C201,30.75,236.1167,0.1685,30.75,0.316,49.93333,0.773333
4115,2026-01-10 13:28:46.76096,ESP32-CS-C201,26.23334,236.2833,0.151667,26.23334,0.317,49.9,0.73
4116,2026-01-10 13:29:46.976962,ESP32-CS-C201,24.68333,235.05,0.146167,24.68333,0.317,49.9,0.718333
4117,2026-01-10 13:30:47.634266,ESP32-CS-C201,24.13333,233.9,0.143833,24.13333,0.317667,49.98333,0.716667
4118,2026-01-10 13:31:47.226677,ESP32-CS-C201,22.83333,234.4667,0.139167,22.83333,0.318,49.95,0.698333
4119,2026-01-10 13:32:47.03806,ESP32-CS-C201,22.71667,233.3167,0.139,22.71667,0.318,49.91667,0.7
4120,2026-01-10 13:33:47.034886,ESP32-CS-C201,21.66667,235.9333,0.134167,21.66667,0.319,49.9,0.685
4121,2026-01-10 13:34:47.163664,ESP32-CS-C201,21.05,236.0833,0.131833,21.05,0.319,49.9,0.675
4122,2026-01-10 13:35:47.675953,ESP32-CS-C201,26.2,236.9833,0.151167,26.2,0.319333,49.9,0.73
4123,2026-01-10 13:36:47.480017,ESP32-CS-C201,27.55,235.9833,0.1565,27.55,0.32,49.86667,0.745
4124,2026-01-10 13:37:47.269143,ESP32-CS-C201,26.85,236.5,0.153667,26.85,0.320167,49.85,0.738333
4125,2026-01-10 13:38:47.289242,ESP32-CS-C201,26.96667,235.5,0.154333,26.96667,0.321,49.8,0.74
4126,2026-01-10 13:39:47.294475,ESP32-CS-C201,25.1,234.5667,0.147667,25.1,0.321,49.81667,0.723333
4127,2026-01-10 13:40:47.599486,ESP32-CS-C201,24.1,234.4333,0.143833,24.1,0.322,49.8,0.713333
4128,2026-01-10 13:41:47.306549,ESP32-CS-C201,22.61667,236.2,0.1375,22.61667,0.322,49.81667,0.695
4129,2026-01-10 13:42:47.511383,ESP32-CS-C201,26.65,236.25,0.153,26.65,0.3225,49.83333,0.74
4130,2026-01-10 13:43:47.320068,ESP32-CS-C201,26.1,236.6,0.150333,26.1,0.323,49.85,0.731667
4131,2026-01-10 13:44:47.645107,ESP32-CS-C201,25.58333,236.5,0.1485,25.58333,0.323167,49.88334,0.726667
4132,2026-01-10 13:45:47.750869,ESP32-CS-C201,25.53333,236.1,0.148667,25.53333,0.324,49.86667,0.728333
4133,2026-01-10 13:46:47.450071,ESP32-CS-C201,25.51666,236,0.1485,25.51666,0.324,49.86667,0.728333
4134,2026-01-10 13:47:47.968673,ESP32-CS-C201,25.65,235.6167,0.149167,25.65,0.324833,49.86667,0.728333
4135,2026-01-10 13:48:47.768598,ESP32-CS-C201,20.8,235.55,0.131167,20.8,0.325,49.9,0.673333
4136,2026-01-10 13:49:47.777678,ESP32-CS-C201,20.21667,236.3833,0.129333,20.21667,0.325,49.9,0.66
4137,2026-01-10 13:50:47.991036,ESP32-CS-C201,18.01666,235.3167,0.122167,18.01666,0.326,49.91667,0.625
4138,2026-01-10 13:51:48.190931,ESP32-CS-C201,18.76667,233.9833,0.123833,18.76667,0.326,49.91667,0.646667
4139,2026-01-10 13:52:48.409705,ESP32-CS-C201,18.13333,235.95,0.122333,18.13333,0.326,49.95,0.628333
4140,2026-01-10 13:53:48.216196,ESP32-CS-C201,17.76667,237.05,0.120833,17.76667,0.326667,49.95,0.62
4141,2026-01-10 13:54:48.421767,ESP32-CS-C201,17.08333,237.4333,0.118167,17.08333,0.327,49.9,0.608333
4142,2026-01-10 13:55:48.639258,ESP32-CS-C201,17.5,237.5333,0.119333,17.5,0.327,49.9,0.616667
4143,2026-01-10 13:56:48.432307,ESP32-CS-C201,17.55,236.6,0.119833,17.55,0.327167,49.9,0.62
4144,2026-01-10 13:57:48.450521,ESP32-CS-C201,17.05,236.6666,0.117667,17.05,0.328,49.9,0.61
4145,2026-01-10 13:58:48.861672,ESP32-CS-C201,16.83333,235.85,0.117333,16.83333,0.328,49.9,0.608333
4146,2026-01-10 13:59:49.173299,ESP32-CS-C201,17.58333,236.4667,0.120333,17.58333,0.328,49.9,0.615
4147,2026-01-10 14:47:59.050873,ESP32-CS-C201,23.98,233.9,0.194,23.98,0.3372,49.96,0.514
4148,2026-01-10 14:48:58.65099,ESP32-CS-C201,29.8,234.0167,0.228333,29.8,0.338,50,0.556667
4149,2026-01-10 14:49:58.657674,ESP32-CS-C201,22.71667,233.6333,0.1825,22.71667,0.338,50,0.516667
4150,2026-01-10 14:50:58.566416,ESP32-CS-C201,25.08333,231.8167,0.1975,25.08333,0.338833,50,0.541667
4151,2026-01-10 14:51:58.529542,ESP32-CS-C201,29.01666,231.5667,0.224,29.01666,0.339,50,0.56
4152,2026-01-10 14:52:59.088277,ESP32-CS-C201,15.03333,232.9,0.132,15.03333,0.3395,50,0.458333
4153,2026-01-10 14:53:59.095998,ESP32-CS-C201,28.38333,231.9667,0.220667,28.38333,0.34,50,0.553333
4154,2026-01-10 14:54:58.798554,ESP32-CS-C201,28.21667,231.9167,0.221,28.21667,0.340167,49.98333,0.55
4155,2026-01-10 14:55:58.906868,ESP32-CS-C201,28.43333,231.5,0.222167,28.43333,0.341,49.9,0.551667
4156,2026-01-10 14:56:59.118061,ESP32-CS-C201,28.5,229.9,0.224167,28.5,0.341,49.9,0.55
4157,2026-01-10 14:57:59.329582,ESP32-CS-C201,27.11667,230.45,0.215833,27.11667,0.342,49.9,0.545
4158,2026-01-10 14:58:58.828051,ESP32-CS-C201,26.96667,232.15,0.212833,26.96667,0.342,49.9,0.546667
4159,2026-01-10 14:59:59.139074,ESP32-CS-C201,23.73333,233.5167,0.1885,23.73333,0.342833,49.91667,0.538333
4160,2026-01-10 15:00:58.940962,ESP32-CS-C201,19.7,234.3667,0.16,19.7,0.343,49.91667,0.526667
4161,2026-01-10 15:01:59.357755,ESP32-CS-C201,19.26666,235.3167,0.1555,19.26666,0.343,49.96666,0.526667
4162,2026-01-10 15:02:59.544365,ESP32-CS-C201,19.75,236.6833,0.156833,19.75,0.343833,50,0.53
4163,2026-01-10 15:03:59.37226,ESP32-CS-C201,19.65,237.4,0.155333,19.65,0.344,50,0.533333
4164,2026-01-10 15:04:59.174562,ESP32-CS-C201,18.31667,236.9333,0.1495,18.31667,0.344,50.03334,0.515
4165,2026-01-10 15:05:59.18245,ESP32-CS-C201,16.8,235.7,0.1405,16.8,0.344667,50,0.51
4166,2026-01-10 15:06:59.189432,ESP32-CS-C201,15.5,233.4167,0.132833,15.5,0.345,50,0.498333
4167,2026-01-10 15:07:59.402955,ESP32-CS-C201,14.5,232.6,0.1275,14.5,0.345,50,0.488333
4168,2026-01-10 15:08:59.108441,ESP32-CS-C201,12.21667,232.9667,0.114167,12.21667,0.345,50,0.453333
4169,2026-01-10 15:09:59.415671,ESP32-CS-C201,12.8,233.7167,0.116333,12.8,0.3455,50,0.471667
4170,2026-01-10 15:10:59.422869,ESP32-CS-C201,13.2,234.4333,0.118833,13.2,0.346,50,0.473333
4171,2026-01-10 15:11:59.085204,ESP32-CS-C201,10.21667,235,0.102,10.21667,0.346,49.95,0.421667
4172,2026-01-10 15:12:59.847368,ESP32-CS-C201,10.38333,235.7167,0.101833,10.38333,0.346,49.95,0.431667
4173,2026-01-10 15:13:59.649285,ESP32-CS-C201,10.41667,236.7,0.101667,10.41667,0.346,49.98333,0.435
4174,2026-01-10 15:14:59.759875,ESP32-CS-C201,10.2,237.15,0.101,10.2,0.346,50,0.425
4175,2026-01-10 15:15:59.457974,ESP32-CS-C201,9.483334,236.4,0.098167,9.483334,0.347,50,0.41
4176,2026-01-10 15:16:59.670738,ESP32-CS-C201,10.03333,235.7667,0.101667,10.03333,0.347,50,0.418333
4177,2026-01-10 15:18:00.087561,ESP32-CS-C201,10.26667,234.9667,0.102667,10.26667,0.347,50,0.423333
4178,2026-01-10 15:18:59.256086,ESP32-CS-C201,9.400001,234.8,0.0975,9.400001,0.347,50,0.41
4179,2026-01-10 15:19:59.692052,ESP32-CS-C201,8.400001,234.7833,0.092167,8.400001,0.347,50,0.386667
4180,2026-01-10 15:20:59.699887,ESP32-CS-C201,8.233334,235.5167,0.090333,8.233334,0.347,50,0.388333
4181,2026-01-10 15:21:59.707416,ESP32-CS-C201,8.033334,235.5834,0.088333,8.033334,0.3475,50,0.388333
4182,2026-01-10 15:23:00.123656,ESP32-CS-C201,7.966667,234.6167,0.088333,7.966667,0.348,50,0.385
4183,2026-01-10 15:29:29.248786,ESP32-CS-C201,6.5,232.8833,0.084667,6.5,0.348,49.91667,0.33
4184,2026-01-10 15:29:41.331145,ESP32-CS-C201,6.95,233.5,0.087167,6.95,0.348,49.96666,0.338333
4185,2026-01-10 15:29:59.967566,ESP32-CS-C201,6.266666,233.7,0.083,6.266666,0.348,50,0.321667
4186,2026-01-10 15:30:05.29273,ESP32-CS-C201,6.75,233.55,0.085667,6.75,0.348,49.98333,0.338333
4187,2026-01-10 15:30:18.81056,ESP32-CS-C201,7.283333,234,0.085,7.283333,0.348,49.98333,0.366667
4188,2026-01-10 15:30:59.975083,ESP32-CS-C201,2.033333,233.9333,0.063333,2.033333,0.349,50,0.138333
4189,2026-01-10 15:31:17.281231,ESP32-CS-C201,7.2,233.1,0.085,7.2,0.348,49.95,0.363333
4190,2026-01-10 15:31:59.776836,ESP32-CS-C201,2.266667,235.0833,0.064333,2.266667,0.349,50,0.148333
4191,2026-01-10 15:32:17.288463,ESP32-CS-C201,6.916667,233.85,0.085167,6.916667,0.348,49.96666,0.346667
4192,2026-01-10 15:33:00.194189,ESP32-CS-C201,1.95,234.2333,0.063,1.95,0.349,50,0.133333
4193,2026-01-10 15:34:00.201581,ESP32-CS-C201,1.833333,233.4833,0.062667,1.833333,0.349,50,0.126667
4194,2026-01-10 15:35:00.414098,ESP32-CS-C201,1.85,234.4,0.063167,1.85,0.349,50,0.125
4195,2026-01-10 15:36:00.21609,ESP32-CS-C201,1.833333,234.4333,0.062833,1.833333,0.349,50,0.125
4196,2026-01-10 15:37:00.428857,ESP32-CS-C201,1.65,233.3333,0.062333,1.65,0.349,50,0.113333
4197,2026-01-10 15:38:00.639689,ESP32-CS-C201,2.316667,232.2667,0.0645,2.316667,0.349,50,0.15
4198,2026-01-10 15:39:03.424649,ESP32-CS-C201,1.833333,232.2167,0.0625,1.833333,0.349,49.98333,0.125
4199,2026-01-10 15:40:00.859975,ESP32-CS-C201,1.883333,233.7833,0.063333,1.883333,0.349,49.96666,0.125
4200,2026-01-10 15:41:00.662247,ESP32-CS-C201,2.3,233.3167,0.064667,2.3,0.349,50,0.15
4201,2026-01-10 15:42:00.873254,ESP32-CS-C201,2.483333,231.8833,0.065,2.483333,0.349,50,0.163333
4202,2026-01-12 14:53:55.93447,ESP32-CS-C201,146.6333,243.85,0.791833,146.6333,0.770167,49.96666,0.753333
4203,2026-01-12 14:54:55.789438,ESP32-CS-C201,169.4833,243.8833,0.890333,169.4833,0.773,49.98333,0.781667
4204,2026-01-12 14:55:55.734053,ESP32-CS-C201,185.6333,243.85,1.008,185.6333,0.776,49.96666,0.753333
4205,2026-01-12 14:56:56.108786,ESP32-CS-C201,182.6667,244.35,0.9835,182.6667,0.779,49.91667,0.755
4206,2026-01-12 14:57:55.960326,ESP32-CS-C201,178.95,243.95,0.934167,178.95,0.782,49.9,0.783333
4207,2026-01-12 14:58:55.923344,ESP32-CS-C201,169.4667,244.3167,0.898333,169.4667,0.785,49.9,0.771667
4208,2026-01-12 14:59:55.879026,ESP32-CS-C201,163.4667,245.1167,0.853333,163.4667,0.787833,49.9,0.781667
4209,2026-01-12 15:00:56.782705,ESP32-CS-C201,161.2667,245.4,0.839833,161.2667,0.7905,49.91667,0.781667
4210,2026-01-12 15:01:56.090508,ESP32-CS-C201,157.65,245.45,0.820333,157.65,0.793167,49.91667,0.785
4211,2026-01-12 15:02:56.148472,ESP32-CS-C201,168.3667,245.3333,0.8565,168.3667,0.796,49.9,0.8
4212,2026-01-12 15:03:56.323609,ESP32-CS-C201,163.1833,245.0167,0.8385,163.1833,0.798667,49.91667,0.793333
4213,2026-01-12 15:04:55.990871,ESP32-CS-C201,164.7667,245.25,0.8535,164.7667,0.8015,49.96666,0.786667
4214,2026-01-12 15:05:56.677477,ESP32-CS-C201,157.5833,245.5333,0.803167,157.5833,0.804333,50,0.8
4215,2026-01-12 15:07:59.682956,ESP32-CS-C201,175.8667,245.5667,0.940167,175.8667,0.8095,50,0.761667
4216,2026-01-12 15:08:56.419346,ESP32-CS-C201,176.35,245.6167,0.936,176.35,0.8125,50,0.768333
4217,2026-01-12 15:09:56.058015,ESP32-CS-C201,163.6833,245.5,0.883667,163.6833,0.8155,50,0.755
4218,2026-01-12 15:10:59.298098,ESP32-CS-C201,173.2833,245.3333,0.918667,173.2833,0.8185,50,0.766667
4219,2026-01-12 15:11:56.458018,ESP32-CS-C201,174.0333,245.2333,0.905333,174.0333,0.8215,50,0.783333
4220,2026-01-12 15:12:56.277056,ESP32-CS-C201,156.1,245.4833,0.776333,156.1,0.824,50,0.82
4221,2026-01-12 15:13:56.362768,ESP32-CS-C201,148.1333,245.4667,0.736333,148.1333,0.826667,50,0.82
4222,2026-01-12 15:14:56.266959,ESP32-CS-C201,151.45,245.5,0.759333,151.45,0.829,50,0.813333
4223,2026-01-12 15:15:56.184171,ESP32-CS-C201,140.7667,245.8667,0.699833,140.7667,0.831667,50,0.816667
4224,2026-01-12 15:16:56.264518,ESP32-CS-C201,146.1667,245.8334,0.724,146.1667,0.834,49.98333,0.821667
4225,2026-01-12 15:17:56.511302,ESP32-CS-C201,140.75,245.8667,0.697667,140.75,0.836333,50,0.821667
4226,2026-01-12 15:19:50.057492,ESP32-CS-C201,143.1333,245.85,0.705333,143.1333,0.838833,49.98333,0.826667
4227,2026-01-12 15:19:56.284952,ESP32-CS-C201,119.7833,245.8333,0.601167,119.7833,0.841,49.95,0.806667
4228,2026-01-12 15:20:56.696569,ESP32-CS-C201,99.53333,245.75,0.570333,99.53333,0.842667,49.98333,0.711667
4229,2026-01-12 15:21:56.805994,ESP32-CS-C201,101.3667,245.5333,0.5985,101.3667,0.8445,50,0.685
4230,2026-01-12 15:22:56.780986,ESP32-CS-C201,90.55,245.8167,0.578667,90.55,0.846,49.98333,0.643333
4231,2026-01-12 15:24:57.921022,ESP32-CS-C201,96.28333,245.9,0.5515,96.28333,0.849167,49.96666,0.708333
4232,2026-01-12 15:25:57.42957,ESP32-CS-C201,88.95,245.6,0.510667,88.95,0.850667,49.93333,0.7
4233,2026-01-12 15:26:56.914575,ESP32-CS-C201,60.9,245.15,0.391167,60.9,0.852,49.96666,0.636667
4234,2026-01-12 15:27:57.256451,ESP32-CS-C201,55.06667,245.2333,0.336,55.06667,0.853,49.93333,0.67
4235,2026-01-12 15:29:01.496227,ESP32-CS-C201,52.09999,245.1,0.316333,52.09999,0.854,49.98333,0.673333
4236,2026-01-12 15:29:57.971355,ESP32-CS-C201,63.21666,245.05,0.366833,63.21666,0.854833,50,0.705
4237,2026-01-12 15:30:57.066397,ESP32-CS-C201,52.25,245.1333,0.312833,52.25,0.855833,49.95,0.683333
4238,2026-01-12 15:31:56.803272,ESP32-CS-C201,50.90001,245.1333,0.304167,50.90001,0.856667,49.96666,0.683333
4239,2026-01-12 15:32:56.719332,ESP32-CS-C201,53.75,245.2667,0.3175,53.75,0.8575,49.96666,0.691667
4240,2026-01-12 15:33:56.588892,ESP32-CS-C201,58.05,244.9333,0.334833,58.05,0.8585,49.91667,0.705
4241,2026-01-12 15:34:56.594588,ESP32-CS-C201,53.11666,244.9667,0.310667,53.11666,0.859333,50,0.695
4242,2026-01-12 15:35:57.769898,ESP32-CS-C201,59.43333,245.2667,0.334333,59.43333,0.860333,50,0.721667
4243,2026-01-12 15:38:20.39028,ESP32-CS-C201,46.63334,245.8333,0.279167,46.63334,0.862,50,0.68
4244,2026-01-12 15:38:28.173358,ESP32-CS-C201,50.40001,246.1833,0.296167,50.40001,0.861167,50,0.688333
4245,2026-01-12 15:38:57.176089,ESP32-CS-C201,46.15,245.65,0.274333,46.15,0.862833,50,0.685
4246,2026-01-15 22:29:12.560129,ESP32-CS-C201,126.8833,242.1833,0.679667,126.8833,0.911833,50,0.773333
4247,2026-01-15 22:30:12.566067,ESP32-CS-C201,120.2167,242.55,0.639833,120.2167,0.914167,50,0.776667
4248,2026-01-15 22:31:12.858521,ESP32-CS-C201,116.45,242.85,0.62,116.45,0.916167,50,0.775
4249,2026-01-15 22:32:12.596415,ESP32-CS-C201,111.0333,243,0.581167,111.0333,0.918,50,0.783333
4250,2026-01-15 22:33:12.635583,ESP32-CS-C201,115.4333,242.9333,0.6045,115.4333,0.919833,50,0.788333
4251,2026-01-15 22:34:12.853104,ESP32-CS-C201,109.55,243.3,0.572167,109.55,0.921833,50,0.786667
4252,2026-01-15 22:35:12.687783,ESP32-CS-C201,106.7167,242.6667,0.561167,106.7167,0.9235,50,0.783333
4253,2026-01-15 22:36:12.865523,ESP32-CS-C201,111.6,242.6333,0.589,111.6,0.9255,49.95,0.783333
4254,2026-01-15 22:37:12.768873,ESP32-CS-C201,106.6333,242.6833,0.555167,106.6333,0.927333,49.95,0.791667
4255,2026-01-15 22:38:12.878173,ESP32-CS-C201,102.8833,242.7,0.537833,102.8833,0.929167,50,0.79
4256,2026-01-15 22:39:12.892292,ESP32-CS-C201,105.2167,242.8667,0.551833,105.2167,0.930833,50,0.786667
4257,2026-01-15 22:40:12.89252,ESP32-CS-C201,105.5,243.0167,0.554833,105.5,0.9325,50,0.783333
4258,2026-01-15 22:41:13.111939,ESP32-CS-C201,108,242.8,0.568,108,0.9345,50,0.783333
4259,2026-01-15 22:42:12.907778,ESP32-CS-C201,106.0167,243.0167,0.557667,106.0167,0.936167,50,0.781667
4260,2026-01-15 22:43:12.921886,ESP32-CS-C201,104.6833,242.9,0.549167,104.6833,0.938,50,0.783333
4261,2026-01-15 22:44:13.073405,ESP32-CS-C201,102.7,243.3333,0.535833,102.7,0.939667,50,0.79
4262,2026-01-15 22:45:12.981847,ESP32-CS-C201,107.5333,243.1167,0.556167,107.5333,0.9415,50,0.796667
4263,2026-01-15 22:46:13.141565,ESP32-CS-C201,114.9,242.8833,0.597,114.9,0.943333,50,0.795
4264,2026-01-15 22:47:13.217735,ESP32-CS-C201,110.4833,243.1,0.5725,110.4833,0.945167,50,0.795
4265,2026-01-15 22:48:13.18696,ESP32-CS-C201,104.8333,243.0833,0.547167,104.8333,0.947,49.96666,0.788333
4266,2026-01-15 22:50:14.424528,ESP32-CS-C201,105.76,243.44,0.555,105.76,0.9502,50,0.782
4267,2026-01-15 22:51:13.707333,ESP32-CS-C201,108.1833,243.3833,0.571167,108.1833,0.951833,50,0.778333
4268,2026-01-15 22:52:13.222313,ESP32-CS-C201,106.65,243.65,0.557667,106.65,0.953667,50,0.783333
4269,2026-01-15 22:53:15.92138,ESP32-CS-C201,105.2167,243.9833,0.5535,105.2167,0.9555,50,0.78
4270,2026-01-15 22:54:13.53051,ESP32-CS-C201,103.4833,244.1167,0.5455,103.4833,0.957167,50,0.778333
4271,2026-01-15 22:55:13.412213,ESP32-CS-C201,108.05,243.5833,0.5775,108.05,0.958833,50,0.768333
4272,2026-01-15 22:56:13.442465,ESP32-CS-C201,114.75,243.6833,0.624,114.75,0.960833,49.98333,0.753333
4273,2026-01-15 22:57:13.444535,ESP32-CS-C201,106.9833,243.7833,0.576833,106.9833,0.9625,50,0.76
4274,2026-01-15 22:58:13.467679,ESP32-CS-C201,99.48334,243.75,0.533333,99.48334,0.964333,50,0.765
4275,2026-01-15 22:59:13.443439,ESP32-CS-C201,100.4,243.4333,0.5435,100.4,0.966,50,0.76
4276,2026-01-15 23:00:13.891135,ESP32-CS-C201,92.61667,243.6833,0.4975,92.61667,0.967667,50,0.765
4277,2026-01-15 23:01:13.478525,ESP32-CS-C201,97.06666,243.6,0.524667,97.06666,0.969333,50,0.76
4278,2026-01-15 23:02:13.411382,ESP32-CS-C201,137.2,243.45,0.691,137.2,0.971167,50,0.816667
4279,2026-01-15 23:03:13.747343,ESP32-CS-C201,107.0833,243.8333,0.5605,107.0833,0.973333,50,0.781667
4280,2026-01-15 23:04:13.476027,ESP32-CS-C201,94.51666,243.7,0.4985,94.51666,0.974833,50,0.775
4281,2026-01-15 23:05:13.797823,ESP32-CS-C201,84.9,244.4667,0.46,84.9,0.9765,49.98333,0.753333
4282,2026-01-15 23:06:16.354842,ESP32-CS-C201,80.91667,245.2167,0.447,80.91667,0.977667,50,0.736667
4283,2026-01-15 23:07:13.823709,ESP32-CS-C201,78.63333,245.4667,0.436,78.63333,0.979167,50,0.735
4284,2026-01-15 23:08:13.979598,ESP32-CS-C201,72.15,245.1,0.402333,72.15,0.980333,50,0.731667
4285,2026-01-15 23:09:13.755444,ESP32-CS-C201,68.45,244.65,0.383,68.45,0.9815,50,0.73
4286,2026-01-15 23:10:17.064911,ESP32-CS-C201,68.83334,245.45,0.3865,68.83334,0.982667,50,0.725
4287,2026-01-15 23:11:13.725495,ESP32-CS-C201,69.01666,245.6333,0.386167,69.01666,0.983833,50,0.728333
4288,2026-01-15 23:12:16.396839,ESP32-CS-C201,61.53333,244.45,0.350667,61.53333,0.985,50,0.716667
4289,2026-01-15 23:13:14.42332,ESP32-CS-C201,61.01666,243.5333,0.348667,61.01666,0.986,50,0.72
4290,2026-01-15 23:14:13.81422,ESP32-CS-C201,58.86667,244.35,0.3365,58.86667,0.987,50,0.718333
4291,2026-01-15 23:15:14.00572,ESP32-CS-C201,62.7,244.0667,0.361667,62.7,0.988,49.96666,0.71
4292,2026-01-15 23:16:13.755914,ESP32-CS-C201,56.03334,244.1333,0.3225,56.03334,0.989,49.96666,0.711667
4293,2026-01-15 23:17:14.228148,ESP32-CS-C201,61.83334,244.2667,0.359667,61.83334,0.989833,49.98333,0.705
4294,2026-01-15 23:18:13.986213,ESP32-CS-C201,51.63334,245.0667,0.297167,51.63334,0.991,50,0.71
4295,2026-01-15 23:19:13.90995,ESP32-CS-C201,49.95,245.0333,0.291667,49.95,0.991833,50,0.7
4296,2026-01-15 23:20:14.000961,ESP32-CS-C201,51.3,245.6,0.300167,51.3,0.9925,50,0.695
4297,2026-01-15 23:21:14.028823,ESP32-CS-C201,48.03334,245.4,0.280833,48.03334,0.993333,50,0.696667
4298,2026-01-15 23:22:14.07358,ESP32-CS-C201,45.46666,245.3833,0.2685,45.46666,0.994167,49.98333,0.69
4299,2026-01-15 23:23:13.958235,ESP32-CS-C201,46.2,245.5,0.274,46.2,0.995,49.91667,0.686667
4300,2026-01-15 23:24:14.235347,ESP32-CS-C201,46.01667,245.7667,0.273333,46.01667,0.995833,49.96666,0.685
4301,2026-01-15 23:25:14.037585,ESP32-CS-C201,47.01667,245.4833,0.280667,47.01667,0.9965,49.96666,0.685
4302,2026-01-15 23:26:14.061616,ESP32-CS-C201,43.7,245.75,0.261333,43.7,0.997333,49.96666,0.68
4303,2026-01-15 23:27:14.526905,ESP32-CS-C201,48.46666,245.8833,0.275,48.46666,0.998,50,0.711667
4304,2026-01-15 23:28:14.262192,ESP32-CS-C201,41.43333,245.75,0.2495,41.43333,0.999,50,0.676667
4305,2026-01-15 23:29:14.06676,ESP32-CS-C201,40.63334,245.7667,0.247,40.63334,0.999667,50,0.67
4306,2026-01-15 23:30:14.588782,ESP32-CS-C201,40.55,245.8,0.246,40.55,1.000167,50,0.67
4307,2026-01-15 23:31:16.853596,ESP32-CS-C201,40.41667,245.75,0.244,40.41667,1.001,50,0.673333
4308,2026-01-15 23:32:14.355577,ESP32-CS-C201,37.58333,245.9667,0.226833,37.58333,1.0015,49.98333,0.671667
4309,2026-01-15 23:33:14.652712,ESP32-CS-C201,38.2,245.85,0.230333,38.2,1.002,49.93333,0.673333
4310,2026-01-15 23:34:14.34069,ESP32-CS-C201,36.8,245.1667,0.224333,36.8,1.003,49.9,0.668333
