ds,power,current,power_factor,power_change_rate,rolling_avg_power,rolling_std_power,is_holiday,occupancy
2026-01-10 12:36:46.135623,128.0833,0.697333,0.766667,0.0,128.0833,0.0,1,1
2026-01-10 12:37:45.833779,128.4,0.700667,0.768333,0.3166999999999973,128.4,0.0,1,1
2026-01-10 12:38:45.893637,111.6167,0.603,0.776667,-16.78330000000001,111.6167,0.0,1,1
2026-01-10 12:39:46.356412,115.5167,0.619667,0.783333,3.9000000000000057,115.5167,0.0,1,1
2026-01-10 12:40:45.955483,110.7333,0.601667,0.778333,-4.7834,118.87,8.74309249579346,1,1
2026-01-10 12:41:45.964930,119.4167,0.641667,0.791667,8.683400000000006,117.13668,7.179113079761303,1,1
2026-01-10 12:42:45.972398,112.4833,0.608,0.781667,-6.933400000000006,113.95334,3.5454886359992424,1,1
2026-01-10 12:43:45.977399,111.4833,0.6015,0.78,-1.0,113.92666,3.5678989150478695,1,1
2026-01-10 12:44:46.188633,110.1,0.603,0.765,-1.3833000000000055,112.84331999999999,3.780429289379683,1,1
2026-01-10 12:45:45.914597,111.2,0.613833,0.775,1.1000000000000085,112.93666,3.720595949978951,1,1
2026-01-10 12:46:45.960611,109.5,0.609667,0.771667,-1.7000000000000028,110.95332,1.1750385810686301,1,1
2026-01-10 12:47:45.953608,112.2667,0.628,0.765,2.7667,110.91,1.1065269743660922,1,1
2026-01-10 12:48:46.216396,118.0167,0.660667,0.755,5.75,112.21668,3.4109037170520855,1,1
2026-01-10 12:49:46.225492,119.1833,0.672,0.75,1.1666000000000025,114.03334,4.303755595174949,1,1
2026-01-10 12:50:46.054628,121.75,0.685333,0.755,2.5666999999999973,116.14334000000001,5.083005382940257,1,1
2026-01-10 12:51:46.250007,117.1,0.652333,0.756667,-4.650000000000006,117.66333999999999,3.4848603591822136,1,1
2026-01-10 12:52:46.245539,111.8,0.633167,0.75,-5.299999999999997,117.57000000000001,3.6670314213270117,1,1
2026-01-10 12:53:46.054244,109.5333,0.618333,0.756667,-2.2667,115.87331999999999,5.093718402797668,1,1
2026-01-10 12:54:46.258726,105.0167,0.5995,0.746667,-4.516599999999997,113.04,6.529846624921574,1,1
2026-01-10 12:55:46.268354,98.98334,0.560833,0.745,-6.033360000000002,108.48666800000001,6.866895525353489,1,1
2026-01-10 12:56:46.273142,98.33334,0.558667,0.74,-0.6499999999999915,104.73333600000001,6.063829080018651,1,1
2026-01-10 12:57:46.160578,103.1667,0.573833,0.76,4.833359999999999,103.00667600000001,4.601356510213035,1,1
2026-01-10 12:58:46.167134,92.88333,0.517333,0.758333,-10.283370000000005,99.676682,4.720459197326042,1,1
2026-01-10 12:59:46.354247,94.89999,0.532833,0.753333,2.0166600000000017,97.65334,3.9674415595002888,1,1
2026-01-10 13:00:46.507149,92.05,0.511333,0.763333,-2.8499900000000054,96.266672,4.5545759560216075,1,1
2026-01-10 13:01:46.718345,85.69999,0.473833,0.766667,-6.3500099999999975,93.740002,6.293647471440566,1,1
2026-01-10 13:02:46.316178,81.95,0.4605,0.755,-3.749989999999997,89.496662,5.444075545441151,1,1
2026-01-10 13:03:46.226029,81.48333,0.461167,0.75,-0.4666700000000077,87.216662,6.027101371676975,1,1
2026-01-10 13:04:46.275200,72.83334,0.414833,0.745,-8.649989999999988,82.803332,6.995763323853276,1,1
2026-01-10 13:05:46.337259,70.78333,0.405167,0.743333,-2.0500100000000003,78.549998,6.408746880894184,1,1
2026-01-10 13:06:46.322512,67.93333,0.3905,0.741667,-2.8500000000000085,74.996666,6.3786471654365124,1,1
2026-01-10 13:07:46.353680,68.86666,0.399167,0.735,0.933329999999998,72.379998,5.425447478731266,1,1
2026-01-10 13:08:46.319236,79.65,0.461167,0.731667,10.78334000000001,72.01333199999999,4.665082453126795,1,1
2026-01-10 13:09:46.314046,89.16666,0.519167,0.726667,9.516659999999987,75.27999600000001,9.045174916618873,1,1
2026-01-10 13:10:46.577535,78.83334,0.459167,0.73,-10.333319999999986,76.88999799999999,8.756518619800975,1,1
2026-01-10 13:11:46.584710,75.18333,0.4415,0.725,-3.650010000000009,78.33999800000001,7.3973777001665315,1,1
2026-01-10 13:12:46.417841,81.10001,0.456,0.76,5.9166799999999995,80.78666799999999,5.167865862449501,1,1
2026-01-10 13:13:46.604556,62.31667,0.359667,0.743333,-18.783339999999995,77.320002,9.830911662825123,1,1
2026-01-10 13:14:46.606461,63.15,0.376333,0.718333,0.8333299999999966,72.11667,8.8269421076753,1,1
2026-01-10 13:15:46.917657,46.25,0.268333,0.74,-16.9,65.60000199999999,13.447079420620359,1,1
2026-01-10 13:16:46.836335,30.86667,0.169833,0.775,-15.38333,56.736670000000004,19.00701637115494,1,1
2026-01-10 13:17:46.727105,31.11667,0.171167,0.773333,0.25,46.740002000000004,15.87617628607948,1,1
2026-01-10 13:18:46.721806,28.95,0.162,0.761667,-2.16667,40.066668,14.65773299035948,1,1
2026-01-10 13:19:46.732837,35.35,0.187,0.805,6.400000000000002,34.506668000000005,6.968416004851676,1,1
2026-01-10 13:20:46.636184,34.43333,0.1835,0.803333,-0.9166700000000034,32.143333999999996,2.664961561117364,1,1
2026-01-10 13:21:46.630585,33.58334,0.179333,0.791667,-0.8499899999999982,32.686668,2.6160928702118116,1,1
2026-01-10 13:22:46.961841,33.05,0.177167,0.79,-0.5333400000000026,33.073334,2.4645147122066557,1,1
2026-01-10 13:23:46.975724,32.48333,0.174833,0.786667,-0.5666699999999949,33.78,1.1340930664425304,1,1
2026-01-10 13:24:46.983728,32.63334,0.175833,0.786667,0.15000999999999465,33.236668,0.7934968774185907,1,1
2026-01-10 13:25:46.893709,31.13333,0.170333,0.778333,-1.500009999999996,32.576668,0.9127677659038439,1,1
2026-01-10 13:26:46.998343,31.08333,0.169667,0.775,-0.05000000000000071,32.076666,0.9081904872509543,1,1
2026-01-10 13:27:46.909642,30.75,0.1685,0.773333,-0.3333300000000001,31.616666,0.8737710576193042,1,1
2026-01-10 13:28:46.760960,26.23334,0.151667,0.73,-4.516660000000002,30.366667999999997,2.4223191768371986,1,1
2026-01-10 13:29:46.976962,24.68333,0.146167,0.718333,-1.5500099999999968,28.776666,3.0819035450729713,1,1
2026-01-10 13:30:47.634266,24.13333,0.143833,0.716667,-0.5500000000000007,27.376666,3.324124766180332,1,1
2026-01-10 13:31:47.226677,22.83333,0.139167,0.698333,-1.3000000000000007,25.726666,3.0614239270531547,1,1
2026-01-10 13:32:47.038060,22.71667,0.139,0.7,-0.11665999999999954,24.12,1.4498775044132741,1,1
2026-01-10 13:33:47.034886,21.66667,0.134167,0.685,-1.0500000000000007,23.206666000000002,1.203152761158668,1,1
2026-01-10 13:34:47.163664,21.05,0.131833,0.675,-0.6166699999999992,22.479999999999997,1.1854071616553425,1,1
2026-01-10 13:35:47.675953,26.2,0.151167,0.73,5.149999999999999,22.893334000000003,1.991948511441434,1,1
2026-01-10 13:36:47.480017,27.55,0.1565,0.745,1.3500000000000014,23.836668,2.876759377611148,1,1
2026-01-10 13:37:47.269143,26.85,0.153667,0.738333,-0.6999999999999993,24.663334,3.0623466864128277,1,1
2026-01-10 13:38:47.289242,26.96667,0.154333,0.74,0.11666999999999916,25.723334,2.656088783866901,1,1
2026-01-10 13:39:47.294475,25.1,0.147667,0.723333,-1.8666699999999992,26.533334000000004,0.9337056697822405,1,1
2026-01-10 13:40:47.599486,24.1,0.143833,0.713333,-1.0,26.113334000000002,1.45045061197668,1,1
2026-01-10 13:41:47.306549,22.61667,0.1375,0.695,-1.4833300000000023,25.126668000000002,1.8513730625332065,1,1
2026-01-10 13:42:47.511383,26.65,0.153,0.74,4.033329999999999,25.086668,1.8064465164165762,1,1
2026-01-10 13:43:47.320068,26.1,0.150333,0.731667,-0.5499999999999972,24.913334,1.6120799383974713,1,1
2026-01-10 13:44:47.645107,25.58333,0.1485,0.726667,-0.5166700000000013,25.009999999999998,1.6403151966782448,1,1
2026-01-10 13:45:47.750869,25.53333,0.148667,0.728333,-0.05000000000000071,25.296666,1.5650417797086353,1,1
2026-01-10 13:46:47.450071,25.51666,0.1485,0.728333,-0.016669999999997742,25.876663999999998,0.49534167221579356,1,1
2026-01-10 13:47:47.968673,25.65,0.149167,0.728333,0.1333399999999969,25.676664,0.2422712781853248,1,1
2026-01-10 13:48:47.768598,20.8,0.131167,0.673333,-4.849999999999998,24.616664,2.134210620401279,1,1
2026-01-10 13:49:47.777678,20.21667,0.129333,0.66,-0.5833300000000001,23.543332,2.7787009564855443,1,1
2026-01-10 13:50:47.991036,18.01666,0.122167,0.625,-2.200009999999999,22.039998000000004,3.397376259707448,1,1
2026-01-10 13:51:48.190931,18.76667,0.123833,0.646667,0.7500099999999996,20.690000000000005,2.9867911850937707,1,1
2026-01-10 13:52:48.409705,18.13333,0.122333,0.628333,-0.6333400000000005,19.186666000000002,1.2568395128790113,1,1
2026-01-10 13:53:48.216196,17.76667,0.120833,0.62,-0.36665999999999954,18.580000000000002,0.9863957257632379,1,1
2026-01-10 13:54:48.421767,17.08333,0.118167,0.608333,-0.6833400000000012,17.953332,0.6102611326506212,1,1
2026-01-10 13:55:48.639258,17.5,0.119333,0.616667,0.4166699999999999,17.85,0.6398801754266373,1,1
2026-01-10 13:56:48.432307,17.55,0.119833,0.62,0.05000000000000071,17.606665999999997,0.3845274661633874,1,1
2026-01-10 13:57:48.450521,17.05,0.117667,0.61,-0.5,17.390000000000004,0.311940209742259,1,1
2026-01-10 13:58:48.861672,16.83333,0.117333,0.608333,-0.21667000000000058,17.203332,0.3094362885539661,1,1
2026-01-10 13:59:49.173299,17.58333,0.120333,0.615,0.75,17.303332,0.3402209821190465,1,1
2026-01-10 14:47:59.050873,23.98,0.194,0.514,6.39667,18.599332,3.0250677077834127,1,1
2026-01-10 14:48:58.650990,29.8,0.228333,0.556667,5.82,21.049332,5.721571124846206,1,1
2026-01-10 14:49:58.657674,22.71667,0.1825,0.516667,-7.08333,22.182666,5.27514536124208,1,1
2026-01-10 14:50:58.566416,25.08333,0.1975,0.541667,2.3666599999999995,23.832666,4.401550588398792,1,1
2026-01-10 14:51:58.529542,29.01666,0.224,0.56,3.9333300000000015,26.119332000000004,3.129296115035079,1,1
2026-01-10 14:52:59.088277,15.03333,0.132,0.458333,-13.983330000000002,24.329998,5.947354345049043,1,1
2026-01-10 14:53:59.095998,28.38333,0.220667,0.553333,13.350000000000001,24.046664,5.647815561496652,1,1
2026-01-10 14:54:58.798554,28.21667,0.221,0.55,-0.16666000000000025,25.146663999999998,5.855795173730352,1,1
2026-01-10 14:55:58.906868,28.43333,0.222167,0.551667,0.21666000000000096,25.816664000000003,6.035623635274457,1,1
2026-01-10 14:56:59.118061,28.5,0.224167,0.55,0.06666999999999845,25.713332,5.971221417023795,1,1
2026-01-10 14:57:59.329582,27.11667,0.215833,0.545,-1.3833300000000008,28.130000000000003,0.5760717306928796,1,1
2026-01-10 14:58:58.828051,26.96667,0.212833,0.546667,-0.14999999999999858,27.846668,0.7441790853843636,1,1
2026-01-10 14:59:59.139074,23.73333,0.1885,0.538333,-3.233340000000002,26.95,1.9350575285772698,1,1
2026-01-10 15:00:58.940962,19.7,0.16,0.526667,-4.033329999999999,25.203333999999998,3.538566520815129,1,1
2026-01-10 15:01:59.357755,19.26666,0.1555,0.526667,-0.4333399999999976,23.356666,3.788502014138808,1,1
2026-01-10 15:02:59.544365,19.75,0.156833,0.53,0.4833399999999983,21.883332000000003,3.3700086877594098,1,1
2026-01-10 15:03:59.372260,19.65,0.155333,0.533333,-0.10000000000000142,20.419998,1.8620250296717251,1,1
2026-01-10 15:04:59.174562,18.31667,0.1495,0.515,-1.3333300000000001,19.336666,0.6013167773179617,1,1
2026-01-10 15:05:59.182450,16.8,0.1405,0.51,-1.5166699999999977,18.756666000000003,1.2315630583466273,1,1
2026-01-10 15:06:59.189432,15.5,0.132833,0.498333,-1.3000000000000007,18.003334000000002,1.8422285628510238,1,1
2026-01-10 15:07:59.402955,14.5,0.1275,0.488333,-1.0,16.953334,2.0787755597428546,1,1
2026-01-10 15:08:59.108441,12.21667,0.114167,0.453333,-2.2833299999999994,15.466667999999999,2.312916485019363,1,1
2026-01-10 15:09:59.415671,12.8,0.116333,0.471667,0.5833300000000001,14.363334,1.8907807852272054,1,1
2026-01-10 15:10:59.422869,13.2,0.118833,0.473333,0.3999999999999986,13.643334,1.3345610431091042,1,1
2026-01-10 15:11:59.085204,10.21667,0.102,0.421667,-2.9833299999999987,12.586668,1.5681450081783055,1,1
2026-01-10 15:12:59.847368,10.38333,0.101833,0.431667,0.16666000000000025,11.763334,1.382098014698885,1,1
2026-01-10 15:13:59.649285,10.41667,0.101667,0.435,0.03333999999999904,11.403334000000001,1.4663534779290517,1,1
2026-01-10 15:14:59.759875,10.2,0.101,0.425,-0.21667000000000058,10.883334000000001,1.2986634368590901,1,1
2026-01-10 15:15:59.457974,9.483334,0.098167,0.41,-0.716666,10.1400008,0.3796196459193346,1,1
2026-01-10 15:16:59.670738,10.03333,0.101667,0.418333,0.5499960000000002,10.1033328,0.37921698422397127,1,1
2026-01-10 15:18:00.087561,10.26667,0.102667,0.423333,0.2333400000000001,10.080000799999999,0.3608257135625525,1,1
2026-01-10 15:18:59.256086,9.400001,0.0975,0.41,-0.8666689999999999,9.876667000000001,0.40715819681389165,1,1
2026-01-10 15:19:59.692052,8.400001,0.092167,0.386667,-1.0,9.516667199999999,0.7230335669244311,1,1
2026-01-10 15:20:59.699887,8.233334,0.090333,0.388333,-0.16666700000000034,9.266667199999999,0.9252625513331253,1,1
2026-01-10 15:21:59.707416,8.033334,0.088333,0.388333,-0.1999999999999993,8.866668,0.9431046189200399,1,1
2026-01-10 15:23:00.123656,7.966667,0.088333,0.385,-0.06666699999999981,8.4066674,0.5808998900216346,1,1
2026-01-10 15:29:29.248786,6.5,0.084667,0.33,-1.4666670000000002,7.8266672,0.7609938406850536,1,1
2026-01-10 15:29:41.331145,6.95,0.087167,0.338333,0.4500000000000002,7.536667,0.7641628843995955,1,1
2026-01-10 15:29:59.967566,6.266666,0.083,0.321667,-0.6833340000000003,7.1433334,0.8200275425622839,1,1
2026-01-10 15:30:05.292730,6.75,0.085667,0.338333,0.48333400000000015,6.8866666,0.6563157675020133,1,1
2026-01-10 15:30:18.810560,7.283333,0.085,0.366667,0.5333329999999998,6.7499998,0.3938768349575362,1,1
2026-01-10 15:30:59.975083,2.033333,0.063333,0.138333,-5.25,5.8566664,2.168800292149402,1,0
2026-01-10 15:31:17.281231,7.2,0.085,0.363333,5.166667,5.9066664,2.2029211078082955,1,1
2026-01-10 15:31:59.776836,2.266667,0.064333,0.148333,-4.933333,5.1066666,2.707925550532619,1,0
2026-01-10 15:32:17.288463,6.916667,0.085167,0.346667,4.65,5.140000000000001,2.7341106577631575,1,1
2026-01-10 15:33:00.194189,1.95,0.063,0.133333,-4.966667,4.073333400000001,2.729229736982115,1,0
2026-01-10 15:34:00.201581,1.833333,0.062667,0.126667,-0.11666699999999985,4.0333334,2.767796054124557,1,0
2026-01-10 15:35:00.414098,1.85,0.063167,0.125,0.016666999999999987,2.9633334000000002,2.2168359980448593,1,0
2026-01-10 15:36:00.216090,1.833333,0.062833,0.125,-0.016666999999999987,2.8766666,2.2589515559718305,1,0
2026-01-10 15:37:00.428857,1.65,0.062333,0.113333,-0.1833330000000002,1.8233332,0.1083974015926254,1,0
2026-01-10 15:38:00.639689,2.316667,0.0645,0.15,0.6666669999999999,1.8966666,0.2487191231643185,1,0
2026-01-10 15:39:03.424649,1.833333,0.0625,0.125,-0.4833339999999997,1.8966666,0.2487191231643185,1,0
2026-01-10 15:40:00.859975,1.883333,0.063333,0.125,0.04999999999999982,1.9033332,0.24759978012212963,1,0
2026-01-10 15:41:00.662247,2.3,0.064667,0.15,0.4166669999999999,1.9966666,0.2975363460614855,1,0
2026-01-10 15:42:00.873254,2.483333,0.065,0.163333,0.1833330000000002,2.1633332,0.28804912101325314,1,0
2026-01-12 14:53:55.934470,146.6333,0.791833,0.753333,144.149967,31.026659799999997,64.6266616286034,0,1
2026-01-12 14:54:55.789438,169.4833,0.890333,0.781667,22.850000000000023,64.5566532,85.73667560010773,0,1
2026-01-12 14:55:55.734053,185.6333,1.008,0.753333,16.149999999999977,101.3066466,91.35358426571509,0,1
2026-01-12 14:56:56.108786,182.6667,0.9835,0.755,-2.9665999999999997,137.3799866,76.96203992434839,0,1
2026-01-12 14:57:55.960326,178.95,0.934167,0.783333,-3.716700000000003,172.67332,15.775648215271355,0,1
2026-01-12 14:58:55.923344,169.4667,0.898333,0.771667,-9.483299999999986,177.24,7.473473850224799,0,1
2026-01-12 14:59:55.879026,163.4667,0.853333,0.781667,-6.0,176.03668,9.296622349649038,0,1
2026-01-12 15:00:56.782705,161.2667,0.839833,0.781667,-2.200000000000017,171.16335999999998,9.394409283078659,0,1
2026-01-12 15:01:56.090508,157.65,0.820333,0.785,-3.6166999999999803,166.16002,8.338715648527353,0,1
2026-01-12 15:02:56.148472,168.3667,0.8565,0.8,10.716700000000003,164.04336,4.9249699266082025,0,1
2026-01-12 15:03:56.323609,163.1833,0.8385,0.793333,-5.183400000000006,162.78668,3.887549949774962,0,1
2026-01-12 15:04:55.990871,164.7667,0.8535,0.786667,1.5833999999999833,163.04667999999998,3.9866097892815238,0,1
2026-01-12 15:05:56.677477,157.5833,0.803167,0.8,-7.183399999999978,162.31,4.6781122143440825,0,1
2026-01-12 15:07:59.682956,175.8667,0.940167,0.761667,18.2834,165.95334,6.768268217793615,0,1
2026-01-12 15:08:56.419346,176.35,0.936,0.768333,0.48329999999998563,167.55,8.25768483837904,0,1
2026-01-12 15:09:56.058015,163.6833,0.883667,0.755,-12.666699999999992,167.65,8.194369035502065,0,1
2026-01-12 15:10:59.298098,173.2833,0.918667,0.766667,9.599999999999994,169.35332,8.329239017581076,0,1
2026-01-12 15:11:56.458018,174.0333,0.905333,0.783333,0.75,172.64332,5.166072793911714,0,1
2026-01-12 15:12:56.277056,156.1,0.776333,0.82,-17.933300000000003,168.68998,8.54254067400296,0,1
2026-01-12 15:13:56.362768,148.1333,0.736333,0.82,-7.966700000000003,163.04663999999997,11.14186653025405,0,1
2026-01-12 15:14:56.266959,151.45,0.759333,0.813333,3.3166999999999973,160.59998000000002,12.254700696752884,0,1
2026-01-12 15:15:56.184171,140.7667,0.699833,0.816667,-10.683300000000003,154.09665999999999,12.467330216329238,0,1
2026-01-12 15:16:56.264518,146.1667,0.724,0.821667,5.400000000000006,148.52334000000002,5.7411336618298865,0,1
2026-01-12 15:17:56.511302,140.75,0.697667,0.821667,-5.416699999999992,145.45334,4.683401565421915,0,1
2026-01-12 15:19:50.057492,143.1333,0.705333,0.826667,2.3832999999999913,144.45333999999997,4.498260799797689,0,1
2026-01-12 15:19:56.284952,119.7833,0.601167,0.806667,-23.349999999999994,138.11999999999998,10.488553827387111,0,1
2026-01-12 15:20:56.696569,99.53333,0.570333,0.711667,-20.24996999999999,129.873326,19.8867227443809,0,1
2026-01-12 15:21:56.805994,101.3667,0.5985,0.685,1.833369999999988,120.91332599999998,20.782640927270933,0,1
2026-01-12 15:22:56.780986,90.55,0.578667,0.643333,-10.816699999999997,110.87332599999999,20.92906224635678,0,1
2026-01-12 15:24:57.921022,96.28333,0.5515,0.708333,5.733330000000009,101.503332,11.014543897123778,0,1
2026-01-12 15:25:57.429570,88.95,0.510667,0.7,-7.333330000000004,95.336672,5.444518929388224,0,1
2026-01-12 15:26:56.914575,60.9,0.391167,0.636667,-28.050000000000004,87.61000600000001,15.718911764008242,0,1
2026-01-12 15:27:57.256451,55.06667,0.336,0.67,-5.833329999999997,78.35,18.90383744625537,0,1
2026-01-12 15:29:01.496227,52.09999,0.316333,0.673333,-2.9666800000000038,70.659998,20.45704433671851,0,1
2026-01-12 15:29:57.971355,63.21666,0.366833,0.705,11.11667,64.04666399999999,14.612750056030757,0,1
2026-01-12 15:30:57.066397,52.25,0.312833,0.683333,-10.966659999999997,56.706664,5.092567976966697,0,1
2026-01-12 15:31:56.803272,50.90001,0.304167,0.683333,-1.3499899999999982,54.706666,4.996753902958062,0,1
2026-01-12 15:32:56.719332,53.75,0.3175,0.691667,2.8499899999999982,54.443332,5.007721069625046,0,1
2026-01-12 15:33:56.588892,58.05,0.334833,0.705,4.299999999999997,55.633334000000005,5.018599400677109,0,1
2026-01-12 15:34:56.594588,53.11666,0.310667,0.695,-4.933339999999994,53.613333999999995,2.700471004191049,0,1
2026-01-12 15:35:57.769898,59.43333,0.334333,0.721667,6.316669999999995,55.05,3.5659431587094343,0,1
2026-01-12 15:38:20.390280,46.63334,0.279167,0.68,-12.799990000000001,54.19666600000001,5.02097242629121,0,1
2026-01-12 15:38:28.173358,50.40001,0.296167,0.688333,3.766670000000005,53.526667999999994,5.310632167855974,0,1
2026-01-12 15:38:57.176089,46.15,0.274333,0.685,-4.250010000000003,51.146668,5.441597984256708,0,1
2026-01-15 22:29:12.560129,126.8833,0.679667,0.773333,80.73330000000001,65.899996,34.50469923551901,0,1
2026-01-15 22:30:12.566067,120.2167,0.639833,0.776667,-6.6666000000000025,78.05667,41.62889629779772,0,1
2026-01-15 22:31:12.858521,116.45,0.62,0.775,-3.7667,92.020002,40.136046595859646,0,1
2026-01-15 22:32:12.596415,111.0333,0.581167,0.783333,-5.416700000000006,104.14666,32.93027308151265,0,1
2026-01-15 22:33:12.635583,115.4333,0.6045,0.788333,4.400000000000006,118.00332,5.944579052548299,0,1
2026-01-15 22:34:12.853104,109.55,0.572167,0.786667,-5.8833000000000055,114.53666000000001,4.297324658784363,0,1
2026-01-15 22:35:12.687783,106.7167,0.561167,0.783333,-2.833299999999994,111.83666000000001,4.071452962149537,0,1
2026-01-15 22:36:12.865523,111.6,0.589,0.783333,4.883299999999991,110.86666,3.1770866722512117,0,1
2026-01-15 22:37:12.768873,106.6333,0.555167,0.791667,-4.966699999999989,109.98666,3.68771904068034,0,1
2026-01-15 22:38:12.878173,102.8833,0.537833,0.79,-3.75,107.47666,3.304860923396998,0,1
2026-01-15 22:39:12.892292,105.2167,0.551833,0.786667,2.3333999999999975,106.61000000000001,3.1914575651254573,0,1
2026-01-15 22:40:12.892520,105.5,0.554833,0.783333,0.283299999999997,106.36666,3.227469941455153,0,1
2026-01-15 22:41:13.111939,108.0,0.568,0.783333,2.5,105.64666,1.8943469119980594,0,1
2026-01-15 22:42:12.907778,106.0167,0.557667,0.781667,-1.9832999999999998,105.52334,1.8331416265516933,0,1
2026-01-15 22:43:12.921886,104.6833,0.549167,0.783333,-1.3333999999999975,105.88334,1.2776432299341478,0,1
2026-01-15 22:44:13.073405,102.7,0.535833,0.79,-1.9832999999999998,105.38,1.9333893671468776,0,1
2026-01-15 22:45:12.981847,107.5333,0.556167,0.796667,4.833299999999994,105.78665999999998,2.1649143685135814,0,1
2026-01-15 22:46:13.141565,114.9,0.597,0.795,7.366700000000009,107.16666000000001,4.673850363778932,0,1
2026-01-15 22:47:13.217735,110.4833,0.5725,0.795,-4.416700000000006,108.05998,4.823564518796901,0,1
2026-01-15 22:48:13.186960,104.8333,0.547167,0.788333,-5.650000000000006,108.08998,4.7977102525055,0,1
2026-01-15 22:50:14.424528,105.76,0.555,0.782,0.926700000000011,108.70198,4.079714973744652,0,1
2026-01-15 22:51:13.707333,108.1833,0.571167,0.778333,2.4232999999999976,108.83198,4.0433591563199425,0,1
2026-01-15 22:52:13.222313,106.65,0.557667,0.783333,-1.533299999999997,107.18198,2.220511375110807,0,1
2026-01-15 22:53:15.921380,105.2167,0.5535,0.78,-1.4333000000000027,106.12866,1.3359341012926562,0,1
2026-01-15 22:54:13.530510,103.4833,0.5455,0.778333,-1.7334000000000032,105.85866000000001,1.7388467221111392,0,1
2026-01-15 22:55:13.412213,108.05,0.5775,0.768333,4.566699999999997,106.31666,1.9898347225326496,0,1
2026-01-15 22:56:13.442465,114.75,0.624,0.753333,6.700000000000003,107.63,4.3258044852947775,0,1
2026-01-15 22:57:13.444535,106.9833,0.576833,0.76,-7.7667,107.69666,4.309464609785816,0,1
2026-01-15 22:58:13.467679,99.48334,0.533333,0.765,-7.4999600000000015,106.54998799999998,5.679350344336628,0,1
2026-01-15 22:59:13.443439,100.4,0.5435,0.76,0.9166600000000074,105.933328,6.235713885908867,0,1
2026-01-15 23:00:13.891135,92.61667,0.4975,0.765,-7.7833300000000065,102.846662,8.377828710699278,0,1
2026-01-15 23:01:13.478525,97.06666,0.524667,0.76,4.44999,99.30999399999999,5.2423973640384895,0,1
2026-01-15 23:02:13.411382,137.2,0.691,0.816667,40.13333999999999,105.35333399999999,18.05612125030115,0,1
2026-01-15 23:03:13.747343,107.0833,0.5605,0.781667,-30.116699999999994,106.87332599999999,17.75583096353918,0,1
2026-01-15 23:04:13.476027,94.51666,0.4985,0.775,-12.566639999999992,105.696658,18.472537995936474,0,1
2026-01-15 23:05:13.797823,84.9,0.46,0.753333,-9.616659999999996,104.153324,20.090073038420666,0,1
2026-01-15 23:06:16.354842,80.91667,0.447,0.736667,-3.9833300000000094,100.923326,22.64950874645579,0,1
2026-01-15 23:07:13.823709,78.63333,0.436,0.735,-2.2833399999999955,89.209992,11.69227163581863,0,1
2026-01-15 23:08:13.979598,72.15,0.402333,0.731667,-6.483329999999995,82.223332,8.281877239223585,0,1
2026-01-15 23:09:13.755444,68.45,0.383,0.73,-3.700000000000003,77.01,6.652867253632086,0,1
2026-01-15 23:10:17.064911,68.83334,0.3865,0.725,0.383340000000004,73.796668,5.701331573024877,0,1
2026-01-15 23:11:13.725495,69.01666,0.386167,0.728333,0.18331999999999482,71.416666,4.296880473736791,0,1
2026-01-15 23:12:16.396839,61.53333,0.350667,0.716667,-7.483330000000002,67.996666,3.904190646674518,0,1
2026-01-15 23:13:14.423320,61.01666,0.348667,0.72,-0.5166699999999977,65.76999800000002,4.112507354269527,0,1
2026-01-15 23:14:13.814220,58.86667,0.3365,0.718333,-2.1499900000000025,63.853332,4.736991422133997,0,1
2026-01-15 23:15:14.005720,62.7,0.361667,0.71,3.8333300000000037,62.626664000000005,3.8328342660661847,0,1
2026-01-15 23:16:13.755914,56.03334,0.3225,0.711667,-6.66666,60.029999999999994,2.6310181911669117,0,1
2026-01-15 23:17:14.228148,61.83334,0.359667,0.705,5.799999999999997,60.090002000000005,2.6768946447182422,0,1
2026-01-15 23:18:13.986213,51.63334,0.297167,0.71,-10.200000000000003,58.213338,4.519683563162505,0,1
2026-01-15 23:19:13.909950,49.95,0.291667,0.7,-1.683339999999994,56.430004,5.78067187848276,0,1
2026-01-15 23:20:14.000961,51.3,0.300167,0.695,1.3499999999999943,54.150004,4.865099193920051,0,1
2026-01-15 23:21:14.028823,48.03334,0.280833,0.696667,-3.2666599999999946,52.550004,5.379204975336189,0,1
2026-01-15 23:22:14.073580,45.46666,0.2685,0.69,-2.566680000000005,49.276668,2.557497642016859,0,1
2026-01-15 23:23:13.958235,46.2,0.274,0.686667,0.7333400000000054,48.19,2.45819665157242,0,1
2026-01-15 23:24:14.235347,46.01667,0.273333,0.685,-0.1833300000000051,47.403334,2.3823554217584544,0,1
2026-01-15 23:25:14.037585,47.01667,0.280667,0.685,1.0,46.546668,0.9998236566874963,0,1
2026-01-15 23:26:14.061616,43.7,0.261333,0.68,-3.316669999999995,45.67999999999999,1.2385825904444139,0,1
2026-01-15 23:27:14.526905,48.46666,0.275,0.711667,4.766659999999995,46.28,1.736109683560333,0,1
2026-01-15 23:28:14.262192,41.43333,0.2495,0.676667,-7.033329999999999,45.326665999999996,2.7836975789643543,0,1
2026-01-15 23:29:14.066760,40.63334,0.247,0.67,-0.7999900000000011,44.25,3.4187367509435496,0,1
2026-01-15 23:30:14.588782,40.55,0.246,0.67,-0.08333999999999975,42.956666,3.3325297006301553,0,1
2026-01-15 23:31:16.853596,40.41667,0.244,0.673333,-0.13332999999999373,42.3,3.470086450256265,0,1
2026-01-15 23:32:14.355577,37.58333,0.226833,0.671667,-2.833340000000007,40.123334,1.4744410673649206,0,1
2026-01-15 23:33:14.652712,38.2,0.230333,0.673333,0.6166700000000063,39.476668000000004,1.4652768869985737,0,1
2026-01-15 23:34:14.340690,36.8,0.224333,0.668333,-1.4000000000000057,38.71,1.6938054623988752,0,1
