ds,value
2026-01-10 12:36:46.135623,128.0833
2026-01-10 12:37:45.833779,128.4
2026-01-10 12:38:45.893637,111.6167
2026-01-10 12:39:46.356412,115.5167
2026-01-10 12:40:45.955483,110.7333
2026-01-10 12:41:45.964930,119.4167
2026-01-10 12:42:45.972398,112.4833
2026-01-10 12:43:45.977399,111.4833
2026-01-10 12:44:46.188633,110.1
2026-01-10 12:45:45.914597,111.2
2026-01-10 12:46:45.960611,109.5
2026-01-10 12:47:45.953608,112.2667
2026-01-10 12:48:46.216396,118.0167
2026-01-10 12:49:46.225492,119.1833
2026-01-10 12:50:46.054628,121.75
2026-01-10 12:51:46.250007,117.1
2026-01-10 12:52:46.245539,111.8
2026-01-10 12:53:46.054244,109.5333
2026-01-10 12:54:46.258726,105.0167
2026-01-10 12:55:46.268354,98.98334
2026-01-10 12:56:46.273142,98.33334
2026-01-10 12:57:46.160578,103.1667
2026-01-10 12:58:46.167134,92.88333
2026-01-10 12:59:46.354247,94.89999
2026-01-10 13:00:46.507149,92.05
2026-01-10 13:01:46.718345,85.69999
2026-01-10 13:02:46.316178,81.95
2026-01-10 13:03:46.226029,81.48333
2026-01-10 13:04:46.275200,72.83334
2026-01-10 13:05:46.337259,70.78333
2026-01-10 13:06:46.322512,67.93333
2026-01-10 13:07:46.353680,68.86666
2026-01-10 13:08:46.319236,79.65
2026-01-10 13:09:46.314046,89.16666
2026-01-10 13:10:46.577535,78.83334
2026-01-10 13:11:46.584710,75.18333
2026-01-10 13:12:46.417841,81.10001
2026-01-10 13:13:46.604556,62.31667
2026-01-10 13:14:46.606461,63.15
2026-01-10 13:15:46.917657,46.25
2026-01-10 13:16:46.836335,30.86667
2026-01-10 13:17:46.727105,31.11667
2026-01-10 13:18:46.721806,28.95
2026-01-10 13:19:46.732837,35.35
2026-01-10 13:20:46.636184,34.43333
2026-01-10 13:21:46.630585,33.58334
2026-01-10 13:22:46.961841,33.05
2026-01-10 13:23:46.975724,32.48333
2026-01-10 13:24:46.983728,32.63334
2026-01-10 13:25:46.893709,31.13333
2026-01-10 13:26:46.998343,31.08333
2026-01-10 13:27:46.909642,30.75
2026-01-10 13:28:46.760960,26.23334
2026-01-10 13:29:46.976962,24.68333
2026-01-10 13:30:47.634266,24.13333
2026-01-10 13:31:47.226677,22.83333
2026-01-10 13:32:47.038060,22.71667
2026-01-10 13:33:47.034886,21.66667
2026-01-10 13:34:47.163664,21.05
2026-01-10 13:35:47.675953,26.2
2026-01-10 13:36:47.480017,27.55
2026-01-10 13:37:47.269143,26.85
2026-01-10 13:38:47.289242,26.96667
2026-01-10 13:39:47.294475,25.1
2026-01-10 13:40:47.599486,24.1
2026-01-10 13:41:47.306549,22.61667
2026-01-10 13:42:47.511383,26.65
2026-01-10 13:43:47.320068,26.1
2026-01-10 13:44:47.645107,25.58333
2026-01-10 13:45:47.750869,25.53333
2026-01-10 13:46:47.450071,25.51666
2026-01-10 13:47:47.968673,25.65
2026-01-10 13:48:47.768598,20.8
2026-01-10 13:49:47.777678,20.21667
2026-01-10 13:50:47.991036,18.01666
2026-01-10 13:51:48.190931,18.76667
2026-01-10 13:52:48.409705,18.13333
2026-01-10 13:53:48.216196,17.76667
2026-01-10 13:54:48.421767,17.08333
2026-01-10 13:55:48.639258,17.5
2026-01-10 13:56:48.432307,17.55
2026-01-10 13:57:48.450521,17.05
2026-01-10 13:58:48.861672,16.83333
2026-01-10 13:59:49.173299,17.58333
2026-01-10 14:47:59.050873,23.98
2026-01-10 14:48:58.650990,29.8
2026-01-10 14:49:58.657674,22.71667
2026-01-10 14:50:58.566416,25.08333
2026-01-10 14:51:58.529542,29.01666
2026-01-10 14:52:59.088277,15.03333
2026-01-10 14:53:59.095998,28.38333
2026-01-10 14:54:58.798554,28.21667
2026-01-10 14:55:58.906868,28.43333
2026-01-10 14:56:59.118061,28.5
2026-01-10 14:57:59.329582,27.11667
2026-01-10 14:58:58.828051,26.96667
2026-01-10 14:59:59.139074,23.73333
2026-01-10 15:00:58.940962,19.7
2026-01-10 15:01:59.357755,19.26666
2026-01-10 15:02:59.544365,19.75
2026-01-10 15:03:59.372260,19.65
2026-01-10 15:04:59.174562,18.31667
2026-01-10 15:05:59.182450,16.8
2026-01-10 15:06:59.189432,15.5
2026-01-10 15:07:59.402955,14.5
2026-01-10 15:08:59.108441,12.21667
2026-01-10 15:09:59.415671,12.8
2026-01-10 15:10:59.422869,13.2
2026-01-10 15:11:59.085204,10.21667
2026-01-10 15:12:59.847368,10.38333
2026-01-10 15:13:59.649285,10.41667
2026-01-10 15:14:59.759875,10.2
2026-01-10 15:15:59.457974,9.483334
2026-01-10 15:16:59.670738,10.03333
2026-01-10 15:18:00.087561,10.26667
2026-01-10 15:18:59.256086,9.400001
2026-01-10 15:19:59.692052,8.400001
2026-01-10 15:20:59.699887,8.233334
2026-01-10 15:21:59.707416,8.033334
2026-01-10 15:23:00.123656,7.966667
2026-01-10 15:29:29.248786,6.5
2026-01-10 15:29:41.331145,6.95
2026-01-10 15:29:59.967566,6.266666
2026-01-10 15:30:05.292730,6.75
2026-01-10 15:30:18.810560,7.283333
2026-01-10 15:30:59.975083,2.033333
2026-01-10 15:31:17.281231,7.2
2026-01-10 15:31:59.776836,2.266667
2026-01-10 15:32:17.288463,6.916667
2026-01-10 15:33:00.194189,1.95
2026-01-10 15:34:00.201581,1.833333
2026-01-10 15:35:00.414098,1.85
2026-01-10 15:36:00.216090,1.833333
2026-01-10 15:37:00.428857,1.65
2026-01-10 15:38:00.639689,2.316667
2026-01-10 15:39:03.424649,1.833333
2026-01-10 15:40:00.859975,1.883333
2026-01-10 15:41:00.662247,2.3
2026-01-10 15:42:00.873254,2.483333
2026-01-12 14:53:55.934470,146.6333
2026-01-12 14:54:55.789438,169.4833
2026-01-12 14:55:55.734053,185.6333
2026-01-12 14:56:56.108786,182.6667
2026-01-12 14:57:55.960326,178.95
2026-01-12 14:58:55.923344,169.4667
2026-01-12 14:59:55.879026,163.4667
2026-01-12 15:00:56.782705,161.2667
2026-01-12 15:01:56.090508,157.65
2026-01-12 15:02:56.148472,168.3667
2026-01-12 15:03:56.323609,163.1833
2026-01-12 15:04:55.990871,164.7667
2026-01-12 15:05:56.677477,157.5833
2026-01-12 15:07:59.682956,175.8667
2026-01-12 15:08:56.419346,176.35
2026-01-12 15:09:56.058015,163.6833
2026-01-12 15:10:59.298098,173.2833
2026-01-12 15:11:56.458018,174.0333
2026-01-12 15:12:56.277056,156.1
2026-01-12 15:13:56.362768,148.1333
2026-01-12 15:14:56.266959,151.45
2026-01-12 15:15:56.184171,140.7667
2026-01-12 15:16:56.264518,146.1667
2026-01-12 15:17:56.511302,140.75
2026-01-12 15:19:50.057492,143.1333
2026-01-12 15:19:56.284952,119.7833
2026-01-12 15:20:56.696569,99.53333
2026-01-12 15:21:56.805994,101.3667
2026-01-12 15:22:56.780986,90.55
2026-01-12 15:24:57.921022,96.28333
2026-01-12 15:25:57.429570,88.95
2026-01-12 15:26:56.914575,60.9
2026-01-12 15:27:57.256451,55.06667
2026-01-12 15:29:01.496227,52.09999
2026-01-12 15:29:57.971355,63.21666
2026-01-12 15:30:57.066397,52.25
2026-01-12 15:31:56.803272,50.90001
2026-01-12 15:32:56.719332,53.75
2026-01-12 15:33:56.588892,58.05
2026-01-12 15:34:56.594588,53.11666
2026-01-12 15:35:57.769898,59.43333
2026-01-12 15:38:20.390280,46.63334
2026-01-12 15:38:28.173358,50.40001
2026-01-12 15:38:57.176089,46.15
2026-01-15 22:29:12.560129,126.8833
2026-01-15 22:30:12.566067,120.2167
2026-01-15 22:31:12.858521,116.45
2026-01-15 22:32:12.596415,111.0333
2026-01-15 22:33:12.635583,115.4333
2026-01-15 22:34:12.853104,109.55
2026-01-15 22:35:12.687783,106.7167
2026-01-15 22:36:12.865523,111.6
2026-01-15 22:37:12.768873,106.6333
2026-01-15 22:38:12.878173,102.8833
2026-01-15 22:39:12.892292,105.2167
2026-01-15 22:40:12.892520,105.5
2026-01-15 22:41:13.111939,108.0
2026-01-15 22:42:12.907778,106.0167
2026-01-15 22:43:12.921886,104.6833
2026-01-15 22:44:13.073405,102.7
2026-01-15 22:45:12.981847,107.5333
2026-01-15 22:46:13.141565,114.9
2026-01-15 22:47:13.217735,110.4833
2026-01-15 22:48:13.186960,104.8333
2026-01-15 22:50:14.424528,105.76
2026-01-15 22:51:13.707333,108.1833
2026-01-15 22:52:13.222313,106.65
2026-01-15 22:53:15.921380,105.2167
2026-01-15 22:54:13.530510,103.4833
2026-01-15 22:55:13.412213,108.05
2026-01-15 22:56:13.442465,114.75
2026-01-15 22:57:13.444535,106.9833
2026-01-15 22:58:13.467679,99.48334
2026-01-15 22:59:13.443439,100.4
2026-01-15 23:00:13.891135,92.61667
2026-01-15 23:01:13.478525,97.06666
2026-01-15 23:02:13.411382,137.2
2026-01-15 23:03:13.747343,107.0833
2026-01-15 23:04:13.476027,94.51666
2026-01-15 23:05:13.797823,84.9
2026-01-15 23:06:16.354842,80.91667
2026-01-15 23:07:13.823709,78.63333
2026-01-15 23:08:13.979598,72.15
2026-01-15 23:09:13.755444,68.45
2026-01-15 23:10:17.064911,68.83334
2026-01-15 23:11:13.725495,69.01666
2026-01-15 23:12:16.396839,61.53333
2026-01-15 23:13:14.423320,61.01666
2026-01-15 23:14:13.814220,58.86667
2026-01-15 23:15:14.005720,62.7
2026-01-15 23:16:13.755914,56.03334
2026-01-15 23:17:14.228148,61.83334
2026-01-15 23:18:13.986213,51.63334
2026-01-15 23:19:13.909950,49.95
2026-01-15 23:20:14.000961,51.3
2026-01-15 23:21:14.028823,48.03334
2026-01-15 23:22:14.073580,45.46666
2026-01-15 23:23:13.958235,46.2
2026-01-15 23:24:14.235347,46.01667
2026-01-15 23:25:14.037585,47.01667
2026-01-15 23:26:14.061616,43.7
2026-01-15 23:27:14.526905,48.46666
2026-01-15 23:28:14.262192,41.43333
2026-01-15 23:29:14.066760,40.63334
2026-01-15 23:30:14.588782,40.55
2026-01-15 23:31:16.853596,40.41667
2026-01-15 23:32:14.355577,37.58333
2026-01-15 23:33:14.652712,38.2
2026-01-15 23:34:14.340690,36.8
