ds,y,source
2026-03-03 11:25:00,0.0,synthetic
2026-03-03 11:26:00,0.0,synthetic
2026-03-03 11:27:00,0.0,synthetic
2026-03-03 11:28:00,29.376158865328847,synthetic
2026-03-03 11:29:00,63.46403975184285,synthetic
2026-03-03 11:30:00,42.62067016115748,synthetic
2026-03-03 11:31:00,15.709435555054045,synthetic
2026-03-03 11:32:00,31.385157865133138,synthetic
2026-03-03 11:33:00,37.7970715558115,synthetic
2026-03-03 11:34:00,3.344186788637245,synthetic
2026-03-03 11:35:00,21.518125086863265,synthetic
2026-03-03 11:36:00,9.957797920335679,synthetic
2026-03-03 11:37:00,52.19748663744595,synthetic
2026-03-03 11:38:00,0.0,synthetic
2026-03-03 11:39:00,19.284887314919434,synthetic
2026-03-03 11:40:00,0.0,synthetic
2026-03-03 11:41:00,69.33627566585413,synthetic
2026-03-03 11:42:00,23.32916639715895,synthetic
2026-03-03 11:43:00,1.6105517328471315,synthetic
2026-03-03 11:44:00,12.939251890498271,synthetic
2026-03-03 11:45:00,0.0,synthetic
2026-03-03 11:46:00,0.0,synthetic
2026-03-03 11:47:00,0.0,synthetic
2026-03-03 11:48:00,0.0,synthetic
2026-03-03 11:49:00,35.53431533280015,synthetic
2026-03-03 11:50:00,62.166071296115916,synthetic
2026-03-03 11:51:00,10.934505024170459,synthetic
2026-03-03 11:52:00,18.300130693837392,synthetic
2026-03-03 11:53:00,41.08777597773135,synthetic
2026-03-03 11:54:00,22.670299961170052,synthetic
2026-03-03 11:55:00,4.286372586548266,synthetic
2026-03-03 11:56:00,28.407683220025977,synthetic
2026-03-03 11:57:00,38.08174152031095,synthetic
2026-03-03 11:58:00,19.558516316190442,synthetic
2026-03-03 11:59:00,5.998190238731148,synthetic
2026-03-03 12:00:00,1.9154978167685393,synthetic
2026-03-03 12:01:00,39.34493219717986,synthetic
2026-03-03 12:02:00,16.92956707260565,synthetic
2026-03-03 12:03:00,24.227112301013733,synthetic
2026-03-03 12:04:00,0.0,synthetic
2026-03-03 12:05:00,29.854233366791,synthetic
2026-03-03 12:06:00,0.0,synthetic
2026-03-03 12:07:00,26.911513062055217,synthetic
2026-03-03 12:08:00,29.025846608518158,synthetic
2026-03-03 12:09:00,35.99020662182012,synthetic
2026-03-03 12:10:00,0.0,synthetic
2026-03-03 12:11:00,28.162597716908483,synthetic
2026-03-03 12:12:00,38.465287611926726,synthetic
2026-03-03 12:13:00,11.221388097623638,synthetic
2026-03-03 12:14:00,35.21720986449497,synthetic
2026-03-03 12:15:00,6.769525869595954,synthetic
2026-03-03 12:16:00,9.051682920903334,synthetic
2026-03-03 12:17:00,35.69171707053667,synthetic
2026-03-03 12:18:00,32.14049311160109,synthetic
2026-03-03 12:19:00,45.80418931629898,synthetic
2026-03-03 12:20:00,14.250558065542197,synthetic
2026-03-03 12:21:00,55.34563137542838,synthetic
2026-03-03 12:22:00,49.49610979839427,synthetic
2026-03-03 12:23:00,0.0,synthetic
2026-03-03 12:24:00,0.0,synthetic
2026-03-03 12:25:00,41.99778236212539,synthetic
2026-03-03 12:26:00,51.30002070188934,synthetic
2026-03-03 12:27:00,41.943539993820764,synthetic
2026-03-03 12:28:00,37.408300949619075,synthetic
2026-03-03 12:29:00,12.253362615543228,synthetic
2026-03-03 12:30:00,5.372291219918425,synthetic
2026-03-03 12:31:00,0.0,synthetic
2026-03-03 12:32:00,38.97986125520679,synthetic
2026-03-03 12:33:00,7.925176554248612,synthetic
2026-03-03 12:34:00,33.362815913700715,synthetic
2026-03-03 12:35:00,31.263550159370965,synthetic
2026-03-03 12:36:00,69.15813243644311,synthetic
2026-03-03 12:37:00,35.99909151289518,synthetic
2026-03-03 12:38:00,51.266965203245746,synthetic
2026-03-03 12:39:00,0.0,synthetic
2026-03-03 12:40:00,11.372450887922971,synthetic
2026-03-03 12:41:00,0.0,synthetic
2026-03-03 12:42:00,0.0,synthetic
2026-03-03 12:43:00,60.56204796726806,synthetic
2026-03-03 12:44:00,30.959281625886504,synthetic
2026-03-03 12:45:00,27.391818003864994,synthetic
2026-03-03 12:46:00,1.2419664597520104,synthetic
2026-03-03 12:47:00,0.0,synthetic
2026-03-03 12:48:00,0.0,synthetic
2026-03-03 12:49:00,31.033863072729105,synthetic
2026-03-03 12:50:00,0.0,synthetic
2026-03-03 12:51:00,36.5904668803537,synthetic
2026-03-03 12:52:00,22.485628050003676,synthetic
2026-03-03 12:53:00,33.247242746543684,synthetic
2026-03-03 12:54:00,34.10779974375652,synthetic
2026-03-03 12:55:00,0.0,synthetic
2026-03-03 12:56:00,0.0,synthetic
2026-03-03 12:57:00,0.0,synthetic
2026-03-03 12:58:00,27.742311640185754,synthetic
2026-03-03 12:59:00,8.532578460963018,synthetic
2026-03-03 13:00:00,17.68366187484045,synthetic
2026-03-03 13:01:00,0.0,synthetic
2026-03-03 13:02:00,0.7860147377351758,synthetic
2026-03-03 13:03:00,0.0,synthetic
2026-03-03 13:04:00,23.408806063814165,synthetic
2026-03-03 13:05:00,0.0,synthetic
2026-03-03 13:06:00,18.28324248347886,synthetic
2026-03-03 13:07:00,18.95983151502371,synthetic
2026-03-03 13:08:00,0.0,synthetic
2026-03-03 13:09:00,16.861318199681506,synthetic
2026-03-03 13:10:00,0.0,synthetic
2026-03-03 13:11:00,37.19134396892541,synthetic
2026-03-03 13:12:00,60.41830294796648,synthetic
2026-03-03 13:13:00,18.361589294752566,synthetic
2026-03-03 13:14:00,21.58034459722462,synthetic
2026-03-03 13:15:00,64.02860602860581,synthetic
2026-03-03 13:16:00,8.567734811856502,synthetic
2026-03-03 13:17:00,29.571999408411195,synthetic
2026-03-03 13:18:00,60.67688381520635,synthetic
2026-03-03 13:19:00,0.0,synthetic
2026-03-03 13:20:00,6.067809764469546,synthetic
2026-03-03 13:21:00,57.72603275770847,synthetic
2026-03-03 13:22:00,33.784354907437454,synthetic
2026-03-03 13:23:00,0.0,synthetic
2026-03-03 13:24:00,57.4284106076916,synthetic
2026-03-03 13:25:00,33.81850524610206,synthetic
2026-03-03 13:26:00,36.03255101140988,synthetic
2026-03-03 13:27:00,7.135275480978613,synthetic
2026-03-03 13:28:00,47.97885579821842,synthetic
2026-03-03 13:29:00,59.97988759491905,synthetic
2026-03-03 13:30:00,12.33499907207516,synthetic
2026-03-03 13:31:00,24.452646335121656,synthetic
2026-03-03 13:32:00,31.710025956093418,synthetic
2026-03-03 13:33:00,32.416978413309494,synthetic
2026-03-03 13:34:00,34.93386294816784,synthetic
2026-03-03 13:35:00,30.984161089557862,synthetic
2026-03-03 13:36:00,12.82040180572093,synthetic
2026-03-03 13:37:00,0.0,synthetic
2026-03-03 13:38:00,7.295918015172377,synthetic
2026-03-03 13:39:00,20.48581559715192,synthetic
2026-03-03 13:40:00,11.585134034632045,synthetic
2026-03-03 13:41:00,43.529071572835264,synthetic
2026-03-03 13:42:00,41.57148976956036,synthetic
2026-03-03 13:43:00,50.45672818175538,synthetic
2026-03-03 13:44:00,18.77698770171357,synthetic
2026-03-03 13:45:00,22.915833821198127,synthetic
2026-03-03 13:46:00,26.085736839672705,synthetic
2026-03-03 13:47:00,12.344450442226426,synthetic
2026-03-03 13:48:00,22.27663490993676,synthetic
2026-03-03 13:49:00,29.163614440871104,synthetic
2026-03-03 13:50:00,17.465249434402615,synthetic
2026-03-03 13:51:00,23.418522809693588,synthetic
2026-03-03 13:52:00,0.0,synthetic
2026-03-03 13:53:00,7.634934572644161,synthetic
2026-03-03 13:54:00,16.25384698522447,synthetic
2026-03-03 13:55:00,4.715620151905361,synthetic
2026-03-03 13:56:00,11.018757438251509,synthetic
2026-03-03 13:57:00,6.932708319832508,synthetic
2026-03-03 13:58:00,12.746306023554371,synthetic
2026-03-03 13:59:00,53.466194844640675,synthetic
2026-03-03 14:00:00,122.63716700749994,synthetic
2026-03-03 14:01:00,169.97086071892372,synthetic
2026-03-03 14:02:00,165.12222826403124,synthetic
2026-03-03 14:03:00,167.962618957339,synthetic
2026-03-03 14:04:00,169.5493752291564,synthetic
2026-03-03 14:05:00,151.4403645312065,synthetic
2026-03-03 14:06:00,148.395694914365,synthetic
2026-03-03 14:07:00,170.60845031321864,synthetic
2026-03-03 14:08:00,138.93445969606296,synthetic
2026-03-03 14:09:00,125.80440373647242,synthetic
2026-03-03 14:10:00,111.12882142569391,synthetic
2026-03-03 14:11:00,119.47796720078121,synthetic
2026-03-03 14:12:00,118.73733956855567,synthetic
2026-03-03 14:13:00,128.57647524486984,synthetic
2026-03-03 14:14:00,119.77896108473651,synthetic
2026-03-03 14:15:00,141.01399301922726,synthetic
2026-03-03 14:16:00,144.02884493538676,synthetic
2026-03-03 14:17:00,117.51692319690125,synthetic
2026-03-03 14:18:00,117.16546179176274,synthetic
2026-03-03 14:19:00,132.2030869184491,synthetic
2026-03-03 14:20:00,112.99416059190065,synthetic
2026-03-03 14:21:00,127.58597896173384,synthetic
2026-03-03 14:22:00,115.59272258384492,synthetic
2026-03-03 14:23:00,103.44546021377262,synthetic
2026-03-03 14:24:00,126.35716861903195,synthetic
2026-03-03 14:25:00,119.58150805025942,synthetic
2026-03-03 14:26:00,122.4060399030742,synthetic
2026-03-03 14:27:00,136.48269847274625,synthetic
2026-03-03 14:28:00,181.82969144637326,synthetic
2026-03-03 14:29:00,192.6861344409402,synthetic
2026-03-03 14:30:00,215.01151786433405,synthetic
2026-03-03 14:31:00,191.77337999771856,synthetic
2026-03-03 14:32:00,161.68934196021144,synthetic
2026-03-03 14:33:00,181.0531596664406,synthetic
2026-03-03 14:34:00,206.0299948799045,synthetic
2026-03-03 14:35:00,181.04197654172796,synthetic
2026-03-03 14:36:00,193.2436628047485,synthetic
2026-03-03 14:37:00,192.55169130921962,synthetic
2026-03-03 14:38:00,183.50199524408447,synthetic
2026-03-03 14:39:00,185.16759987691725,synthetic
2026-03-03 14:40:00,196.000302775766,synthetic
2026-03-03 14:41:00,192.43043203994114,synthetic
2026-03-03 14:42:00,172.39985466995097,synthetic
2026-03-03 14:43:00,174.87632272631856,synthetic
2026-03-03 14:44:00,161.13815250225596,synthetic
2026-03-03 14:45:00,162.4761216357168,synthetic
2026-03-03 14:46:00,174.53215983891894,synthetic
2026-03-03 14:47:00,163.387017530844,synthetic
2026-03-03 14:48:00,184.40782456953676,synthetic
2026-03-03 14:49:00,188.71900627915002,synthetic
2026-03-03 14:50:00,178.5927759733669,synthetic
2026-03-03 14:51:00,163.33847516901702,synthetic
2026-03-03 14:52:00,174.91192189016476,synthetic
2026-03-03 14:53:00,171.38796061142378,synthetic
2026-03-03 14:54:00,150.25276764492727,synthetic
2026-03-03 14:55:00,178.1897197594004,synthetic
2026-03-03 14:56:00,161.70659359066843,synthetic
2026-03-03 14:57:00,162.97199991996746,synthetic
2026-03-03 14:58:00,161.11141756374315,synthetic
2026-03-03 14:59:00,159.5969618214543,synthetic
2026-03-03 15:00:00,116.67024668337753,synthetic
2026-03-03 15:01:00,99.39671180479269,synthetic
2026-03-03 15:02:00,87.25922561218987,synthetic
2026-03-03 15:03:00,89.56417372694992,synthetic
2026-03-03 15:04:00,64.14302075865417,synthetic
2026-03-03 15:05:00,58.386863116525824,synthetic
2026-03-03 15:06:00,84.67461087040071,synthetic
2026-03-03 15:07:00,77.14543764877547,synthetic
2026-03-03 15:08:00,109.32678118156726,synthetic
2026-03-03 15:09:00,111.63170372891362,synthetic
2026-03-03 15:10:00,121.87033882886554,synthetic
2026-03-03 15:11:00,118.0138831836376,synthetic
2026-03-03 15:12:00,109.68627299352069,synthetic
2026-03-03 15:13:00,102.17211514907021,synthetic
2026-03-03 15:14:00,127.1137977392581,synthetic
2026-03-03 15:15:00,102.21937752408981,synthetic
2026-03-03 15:16:00,116.75927574678919,synthetic
2026-03-03 15:17:00,93.59713274543397,synthetic
2026-03-03 15:18:00,120.63131256335528,synthetic
2026-03-03 15:19:00,105.87438351199265,synthetic
2026-03-03 15:20:00,87.9213860622519,synthetic
2026-03-03 15:21:00,175.87244329965415,synthetic
2026-03-03 15:22:00,151.0424954449045,synthetic
2026-03-03 15:23:00,156.65543188739917,synthetic
2026-03-03 15:24:00,168.99317702539005,synthetic
2026-03-03 15:25:00,164.54178279324938,synthetic
2026-03-03 15:26:00,172.71431159129298,synthetic
2026-03-03 15:27:00,152.60047277247062,synthetic
2026-03-03 15:28:00,149.62901736801712,synthetic
2026-03-03 15:29:00,15.76737342304839,synthetic
2026-03-03 15:30:00,91.82021691019433,synthetic
2026-03-03 15:31:00,168.41184209045068,synthetic
2026-03-03 15:32:00,167.42870126821316,synthetic
2026-03-03 15:33:00,173.23382984872887,synthetic
2026-03-03 15:34:00,155.78726231442397,synthetic
2026-03-03 15:35:00,140.24689823640148,synthetic
2026-03-03 15:36:00,151.57718189421036,synthetic
2026-03-03 15:37:00,121.53390571122755,synthetic
2026-03-03 15:38:00,131.76081413982854,synthetic
2026-03-03 15:39:00,143.52844016079595,synthetic
2026-03-03 15:40:00,132.0104522957748,synthetic
2026-03-03 15:41:00,144.405422919622,synthetic
2026-03-03 15:42:00,142.01371174178084,synthetic
2026-03-03 15:43:00,117.60970382492178,synthetic
2026-03-03 15:44:00,114.28041509360519,synthetic
2026-03-03 15:45:00,139.80127185473904,synthetic
2026-03-03 15:46:00,159.27014510178867,synthetic
2026-03-03 15:47:00,179.51275588262504,synthetic
2026-03-03 15:48:00,165.10405908242996,synthetic
2026-03-03 15:49:00,149.30310553660965,synthetic
2026-03-03 15:50:00,157.63090641590242,synthetic
2026-03-03 15:51:00,152.6377862057143,synthetic
2026-03-03 15:52:00,153.733109539258,synthetic
2026-03-03 15:53:00,146.5869997971592,synthetic
2026-03-03 15:54:00,154.19265387200892,synthetic
2026-03-03 15:55:00,155.86662494719167,synthetic
2026-03-03 15:56:00,149.58405121391723,synthetic
2026-03-03 15:57:00,133.81489298615273,synthetic
2026-03-03 15:58:00,138.77435761672223,synthetic
2026-03-03 15:59:00,78.83670269383019,synthetic
2026-03-03 16:00:00,80.64651623934037,synthetic
2026-03-03 16:01:00,71.54815222788041,synthetic
2026-03-03 16:02:00,52.289697741862526,synthetic
2026-03-03 16:03:00,45.386400065305594,synthetic
2026-03-03 16:04:00,52.570556140721145,synthetic
2026-03-03 16:05:00,46.262417167257155,synthetic
2026-03-03 16:06:00,39.66349380687413,synthetic
2026-03-03 16:07:00,43.855119902374256,synthetic
2026-03-03 16:08:00,35.16593220022896,synthetic
2026-03-03 16:09:00,50.581640548075455,synthetic
2026-03-03 16:10:00,31.58514391358223,synthetic
2026-03-03 16:11:00,44.22683169292959,synthetic
2026-03-03 16:12:00,0.0,synthetic
2026-03-03 16:13:00,20.573044938971638,synthetic
2026-03-03 16:14:00,57.92343402633024,synthetic
2026-03-03 16:15:00,33.01750299538941,synthetic
2026-03-03 16:16:00,6.876260279971186,synthetic
2026-03-03 16:17:00,19.862688041117615,synthetic
2026-03-03 16:18:00,7.093459335802509,synthetic
2026-03-03 16:19:00,1.8532071228150429,synthetic
2026-03-03 16:20:00,1.8589032669849495,synthetic
2026-03-03 16:21:00,34.06608412136231,synthetic
2026-03-03 16:22:00,31.253530477574593,synthetic
2026-03-03 16:23:00,18.486113929820753,synthetic
2026-03-03 16:24:00,0.0,synthetic
2026-03-03 16:25:00,19.69428902366819,synthetic
2026-03-03 16:26:00,58.27746761779153,synthetic
2026-03-03 16:27:00,28.3386595002096,synthetic
2026-03-03 16:28:00,36.57068945191213,synthetic
2026-03-03 16:29:00,51.790665793176004,synthetic
2026-03-03 16:30:00,19.140276557899565,synthetic
2026-03-03 16:31:00,32.56245638530718,synthetic
2026-03-03 16:32:00,0.0,synthetic
2026-03-03 16:33:00,44.718701887289114,synthetic
2026-03-03 16:34:00,35.9082825801755,synthetic
2026-03-03 16:35:00,0.0,synthetic
2026-03-03 16:36:00,2.198523537557765,synthetic
2026-03-03 16:37:00,0.0,synthetic
2026-03-03 16:38:00,20.395242012044495,synthetic
2026-03-03 16:39:00,0.0,synthetic
2026-03-03 16:40:00,37.67702593858624,synthetic
2026-03-03 16:41:00,45.22491429243029,synthetic
2026-03-03 16:42:00,17.649059908552623,synthetic
2026-03-03 16:43:00,15.534438027488664,synthetic
2026-03-03 16:44:00,0.0,synthetic
2026-03-03 16:45:00,0.0,synthetic
2026-03-03 16:46:00,2.768632732350273,synthetic
2026-03-03 16:47:00,0.0,synthetic
2026-03-03 16:48:00,44.568634710995156,synthetic
2026-03-03 16:49:00,0.27939330963679865,synthetic
2026-03-03 16:50:00,0.0,synthetic
2026-03-03 16:51:00,23.654741960550886,synthetic
2026-03-03 16:52:00,0.0,synthetic
2026-03-03 16:53:00,54.926024941723966,synthetic
2026-03-03 16:54:00,8.45266454298981,synthetic
2026-03-03 16:55:00,0.0,synthetic
2026-03-03 16:56:00,50.89632581217177,synthetic
2026-03-03 16:57:00,0.0,synthetic
2026-03-03 16:58:00,38.33160606961904,synthetic
2026-03-03 16:59:00,23.903842297306962,synthetic
2026-03-03 17:00:00,0.991661076576495,synthetic
2026-03-03 17:01:00,9.402066057555666,synthetic
2026-03-03 17:02:00,46.0093058077336,synthetic
2026-03-03 17:03:00,9.208929951646804,synthetic
2026-03-03 17:04:00,0.0,synthetic
2026-03-03 17:05:00,12.74230897200561,synthetic
2026-03-03 17:06:00,0.0,synthetic
2026-03-03 17:07:00,19.72700858514563,synthetic
2026-03-03 17:08:00,0.0,synthetic
2026-03-03 17:09:00,52.800047534022625,synthetic
2026-03-03 17:10:00,25.282318664051008,synthetic
2026-03-03 17:11:00,15.903371073197828,synthetic
2026-03-03 17:12:00,34.64797433834233,synthetic
2026-03-03 17:13:00,0.0,synthetic
2026-03-03 17:14:00,79.9993552001089,synthetic
2026-03-03 17:15:00,18.711410489322038,synthetic
2026-03-03 17:16:00,19.379242874685687,synthetic
2026-03-03 17:17:00,42.81188006267409,synthetic
2026-03-03 17:18:00,28.58877246240585,synthetic
2026-03-03 17:19:00,43.84551822682077,synthetic
2026-03-03 17:20:00,0.0,synthetic
2026-03-03 17:21:00,17.653093818816654,synthetic
2026-03-03 17:22:00,0.0,synthetic
2026-03-03 17:23:00,52.50612891085345,synthetic
2026-03-03 17:24:00,0.0,synthetic
2026-03-03 17:25:00,18.715817296098635,synthetic
2026-03-03 17:26:00,0.0,synthetic
2026-03-03 17:27:00,0.0,synthetic
2026-03-03 17:28:00,0.0,synthetic
2026-03-03 17:29:00,11.335099229113819,synthetic
2026-03-03 17:30:00,0.0,synthetic
2026-03-03 17:31:00,30.666404487335253,synthetic
2026-03-03 17:32:00,10.320275458152683,synthetic
2026-03-03 17:33:00,12.574399703511169,synthetic
2026-03-03 17:34:00,10.75243519636504,synthetic
2026-03-03 17:35:00,17.09668939289523,synthetic
2026-03-03 17:36:00,34.12326046304622,synthetic
2026-03-03 17:37:00,33.218134650887116,synthetic
2026-03-03 17:38:00,11.81726609367518,synthetic
2026-03-03 17:39:00,56.018205255378504,synthetic
2026-03-03 17:40:00,40.733006593019155,synthetic
2026-03-03 17:41:00,0.0,synthetic
2026-03-03 17:42:00,17.4870916720027,synthetic
2026-03-03 17:43:00,67.08270344314435,synthetic
2026-03-03 17:44:00,6.744046427573757,synthetic
2026-03-03 17:45:00,47.98276853755176,synthetic
2026-03-03 17:46:00,30.955283635768545,synthetic
2026-03-03 17:47:00,22.200120029987772,synthetic
2026-03-03 17:48:00,45.704492636919404,synthetic
2026-03-03 17:49:00,26.719431483538607,synthetic
2026-03-03 17:50:00,0.0,synthetic
2026-03-03 17:51:00,27.879298047499713,synthetic
2026-03-03 17:52:00,26.81155410633327,synthetic
2026-03-03 17:53:00,22.521852630500437,synthetic
2026-03-03 17:54:00,8.633684899830143,synthetic
2026-03-03 17:55:00,59.63192524690086,synthetic
2026-03-03 17:56:00,12.84261459232069,synthetic
2026-03-03 17:57:00,63.646305695374835,synthetic
2026-03-03 17:58:00,38.439919360364065,synthetic
2026-03-03 17:59:00,0.0,synthetic
2026-03-03 18:00:00,0.0,synthetic
2026-03-03 18:01:00,54.14153540046621,synthetic
2026-03-03 18:02:00,25.32764704548685,synthetic
2026-03-03 18:03:00,0.0,synthetic
2026-03-03 18:04:00,4.943572448733843,synthetic
2026-03-03 18:05:00,39.56856130613963,synthetic
2026-03-03 18:06:00,14.229892432316612,synthetic
2026-03-03 18:07:00,0.0,synthetic
2026-03-03 18:08:00,15.28107004506441,synthetic
2026-03-03 18:09:00,5.893923130242307,synthetic
2026-03-03 18:10:00,0.0,synthetic
2026-03-03 18:11:00,19.26212120732774,synthetic
2026-03-03 18:12:00,30.95772409335119,synthetic
2026-03-03 18:13:00,10.653527326164992,synthetic
2026-03-03 18:14:00,17.0958302635418,synthetic
2026-03-03 18:15:00,7.287842576708639,synthetic
2026-03-03 18:16:00,69.1797537518519,synthetic
2026-03-03 18:17:00,0.0,synthetic
2026-03-03 18:18:00,26.03361595201791,synthetic
2026-03-03 18:19:00,8.103890654551048,synthetic
2026-03-03 18:20:00,40.15989849413765,synthetic
2026-03-03 18:21:00,0.0,synthetic
2026-03-03 18:22:00,23.76641036652767,synthetic
2026-03-03 18:23:00,26.971949289635823,synthetic
2026-03-03 18:24:00,0.0,synthetic
2026-03-03 18:25:00,5.916477787443789,synthetic
2026-03-03 18:26:00,4.373438079307194,synthetic
2026-03-03 18:27:00,2.8057991975708703,synthetic
2026-03-03 18:28:00,0.0,synthetic
2026-03-03 18:29:00,12.490916957316603,synthetic
2026-03-03 18:30:00,26.51802043325453,synthetic
2026-03-03 18:31:00,58.811457337552554,synthetic
2026-03-03 18:32:00,37.22122233495695,synthetic
2026-03-03 18:33:00,55.383293441237925,synthetic
2026-03-03 18:34:00,8.648139552089656,synthetic
2026-03-03 18:35:00,19.029870545962876,synthetic
2026-03-03 18:36:00,18.731094874190454,synthetic
2026-03-03 18:37:00,0.0,synthetic
2026-03-03 18:38:00,46.06693474942831,synthetic
2026-03-03 18:39:00,22.926806831738645,synthetic
2026-03-03 18:40:00,35.489723064456385,synthetic
2026-03-03 18:41:00,0.0,synthetic
2026-03-03 18:42:00,27.870420522596504,synthetic
2026-03-03 18:43:00,33.703986988985086,synthetic
2026-03-03 18:44:00,42.15990421661968,synthetic
2026-03-03 18:45:00,4.244552775445602,synthetic
2026-03-03 18:46:00,58.443877026552585,synthetic
2026-03-03 18:47:00,47.760917500998985,synthetic
2026-03-03 18:48:00,0.0,synthetic
2026-03-03 18:49:00,33.459808152602335,synthetic
2026-03-03 18:50:00,0.0,synthetic
2026-03-03 18:51:00,17.443174510509074,synthetic
2026-03-03 18:52:00,24.790465512992764,synthetic
2026-03-03 18:53:00,0.7923650894149148,synthetic
2026-03-03 18:54:00,1.7164784835478883,synthetic
2026-03-03 18:55:00,0.0,synthetic
2026-03-03 18:56:00,37.380113586950145,synthetic
2026-03-03 18:57:00,59.69679542293224,synthetic
2026-03-03 18:58:00,11.438135549299108,synthetic
2026-03-03 18:59:00,31.53864514616921,synthetic
2026-03-03 19:00:00,0.0,synthetic
2026-03-03 19:01:00,18.265748393889453,synthetic
2026-03-03 19:02:00,23.042826569673835,synthetic
2026-03-03 19:03:00,54.33327776577657,synthetic
2026-03-03 19:04:00,1.4992018458195773,synthetic
2026-03-03 19:05:00,0.0,synthetic
2026-03-03 19:06:00,52.42186165003238,synthetic
2026-03-03 19:07:00,0.0,synthetic
2026-03-03 19:08:00,68.10596323136028,synthetic
2026-03-03 19:09:00,25.835920431662153,synthetic
2026-03-03 19:10:00,30.725736314648696,synthetic
2026-03-03 19:11:00,57.09051947332701,synthetic
2026-03-03 19:12:00,44.65171802353032,synthetic
2026-03-03 19:13:00,0.0,synthetic
2026-03-03 19:14:00,65.79510983662858,synthetic
2026-03-03 19:15:00,44.48463462316711,synthetic
2026-03-03 19:16:00,3.8425253847895497,synthetic
2026-03-03 19:17:00,18.109213264584774,synthetic
2026-03-03 19:18:00,0.0,synthetic
2026-03-03 19:19:00,14.829574034680213,synthetic
2026-03-03 19:20:00,0.0,synthetic
2026-03-03 19:21:00,0.0,synthetic
2026-03-03 19:22:00,0.0,synthetic
2026-03-03 19:23:00,0.0,synthetic
2026-03-03 19:24:00,11.845354267469222,synthetic
2026-03-03 19:25:00,37.995617944681086,synthetic
2026-03-03 19:26:00,20.59637364983481,synthetic
2026-03-03 19:27:00,12.37621902170798,synthetic
2026-03-03 19:28:00,0.0,synthetic
2026-03-03 19:29:00,29.994132709777613,synthetic
2026-03-03 19:30:00,48.7860894199989,synthetic
2026-03-03 19:31:00,53.79908867620698,synthetic
2026-03-03 19:32:00,0.0,synthetic
2026-03-03 19:33:00,20.34460401700486,synthetic
2026-03-03 19:34:00,0.0,synthetic
2026-03-03 19:35:00,36.35619918332601,synthetic
2026-03-03 19:36:00,2.7538321341347825,synthetic
2026-03-03 19:37:00,34.42084225972448,synthetic
2026-03-03 19:38:00,22.811638526050483,synthetic
2026-03-03 19:39:00,0.0,synthetic
2026-03-03 19:40:00,0.0,synthetic
2026-03-03 19:41:00,7.285881496453719,synthetic
2026-03-03 19:42:00,0.0,synthetic
2026-03-03 19:43:00,26.886936035876875,synthetic
2026-03-03 19:44:00,22.265832137756195,synthetic
2026-03-03 19:45:00,21.859651397233993,synthetic
2026-03-03 19:46:00,39.19865914381555,synthetic
2026-03-03 19:47:00,26.965473392658904,synthetic
2026-03-03 19:48:00,42.57116461795679,synthetic
2026-03-03 19:49:00,41.16691777165325,synthetic
2026-03-03 19:50:00,16.996079647599714,synthetic
2026-03-03 19:51:00,57.02744764724203,synthetic
2026-03-03 19:52:00,29.33904032145292,synthetic
2026-03-03 19:53:00,0.0,synthetic
2026-03-03 19:54:00,35.54525343918685,synthetic
2026-03-03 19:55:00,81.65433051130867,synthetic
2026-03-03 19:56:00,1.7158938466363054,synthetic
2026-03-03 19:57:00,10.936654582833977,synthetic
2026-03-03 19:58:00,28.26840528982195,synthetic
2026-03-03 19:59:00,40.64408611005598,synthetic
2026-03-03 20:00:00,28.36385049937398,synthetic
2026-03-03 20:01:00,2.6153122229156516,synthetic
2026-03-03 20:02:00,50.83932316969209,synthetic
2026-03-03 20:03:00,5.404602612192043,synthetic
2026-03-03 20:04:00,13.108948066118554,synthetic
2026-03-03 20:05:00,39.260591699392826,synthetic
2026-03-03 20:06:00,42.16132823732761,synthetic
2026-03-03 20:07:00,60.96421996692017,synthetic
2026-03-03 20:08:00,17.1041030520633,synthetic
2026-03-03 20:09:00,0.0,synthetic
2026-03-03 20:10:00,41.43523625692978,synthetic
2026-03-03 20:11:00,21.772616689616836,synthetic
2026-03-03 20:12:00,65.71921112283025,synthetic
2026-03-03 20:13:00,0.0,synthetic
2026-03-03 20:14:00,25.420240879377516,synthetic
2026-03-03 20:15:00,2.4850183037582063,synthetic
2026-03-03 20:16:00,6.357873216029024,synthetic
2026-03-03 20:17:00,3.9424022180997476,synthetic
2026-03-03 20:18:00,45.58334560486189,synthetic
2026-03-03 20:19:00,7.212426897870833,synthetic
2026-03-03 20:20:00,0.0,synthetic
2026-03-03 20:21:00,32.39645902121652,synthetic
2026-03-03 20:22:00,2.4236648597436243,synthetic
2026-03-03 20:23:00,0.0,synthetic
2026-03-03 20:24:00,48.950518284670586,synthetic
2026-03-03 20:25:00,0.0,synthetic
2026-03-03 20:26:00,0.0,synthetic
2026-03-03 20:27:00,27.7282268172877,synthetic
2026-03-03 20:28:00,54.48405894565421,synthetic
2026-03-03 20:29:00,1.9520262179372097,synthetic
2026-03-03 20:30:00,0.0,synthetic
2026-03-03 20:31:00,6.782867084616601,synthetic
2026-03-03 20:32:00,9.399975060025477,synthetic
2026-03-03 20:33:00,6.951583890031561,synthetic
2026-03-03 20:34:00,31.177614577249827,synthetic
2026-03-03 20:35:00,10.8659589904206,synthetic
2026-03-03 20:36:00,26.451516589983697,synthetic
2026-03-03 20:37:00,53.23096427722432,synthetic
2026-03-03 20:38:00,9.954165122730956,synthetic
2026-03-03 20:39:00,0.0,synthetic
2026-03-03 20:40:00,33.41121020584605,synthetic
2026-03-03 20:41:00,25.293595016421893,synthetic
2026-03-03 20:42:00,20.55517246054633,synthetic
2026-03-03 20:43:00,45.26459867356144,synthetic
2026-03-03 20:44:00,52.75904615408528,synthetic
2026-03-03 20:45:00,35.29194790384875,synthetic
2026-03-03 20:46:00,38.6379873052959,synthetic
2026-03-03 20:47:00,0.15361493816070038,synthetic
2026-03-03 20:48:00,3.5618143161475473,synthetic
2026-03-03 20:49:00,0.0,synthetic
2026-03-03 20:50:00,35.94142441827625,synthetic
2026-03-03 20:51:00,41.32025646695817,synthetic
2026-03-03 20:52:00,22.29489958529125,synthetic
2026-03-03 20:53:00,0.0,synthetic
2026-03-03 20:54:00,0.0,synthetic
2026-03-03 20:55:00,0.0,synthetic
2026-03-03 20:56:00,15.147645285886455,synthetic
2026-03-03 20:57:00,15.236012233093273,synthetic
2026-03-03 20:58:00,34.73609268889418,synthetic
2026-03-03 20:59:00,2.7427610553813686,synthetic
2026-03-03 21:00:00,55.560430837017535,synthetic
2026-03-03 21:01:00,13.083218156661513,synthetic
2026-03-03 21:02:00,2.3030665811497917,synthetic
2026-03-03 21:03:00,12.661449634071126,synthetic
2026-03-03 21:04:00,0.0,synthetic
2026-03-03 21:05:00,5.390922501324739,synthetic
2026-03-03 21:06:00,4.462024197562809,synthetic
2026-03-03 21:07:00,5.22771990809572,synthetic
2026-03-03 21:08:00,0.0,synthetic
2026-03-03 21:09:00,6.147904999059076,synthetic
2026-03-03 21:10:00,2.2957545209531065,synthetic
2026-03-03 21:11:00,0.0,synthetic
2026-03-03 21:12:00,18.39061203585073,synthetic
2026-03-03 21:13:00,0.0,synthetic
2026-03-03 21:14:00,0.0,synthetic
2026-03-03 21:15:00,0.0,synthetic
2026-03-03 21:16:00,0.0,synthetic
2026-03-03 21:17:00,6.63016511951321,synthetic
2026-03-03 21:18:00,0.0,synthetic
2026-03-03 21:19:00,12.621328039053349,synthetic
2026-03-03 21:20:00,0.0,synthetic
2026-03-03 21:21:00,15.689887776209227,synthetic
2026-03-03 21:22:00,4.706400527024892,synthetic
2026-03-03 21:23:00,7.386394896055675,synthetic
2026-03-03 21:24:00,7.117683430167041,synthetic
2026-03-03 21:25:00,0.0,synthetic
2026-03-03 21:26:00,10.80025852130361,synthetic
2026-03-03 21:27:00,0.0,synthetic
2026-03-03 21:28:00,0.0,synthetic
2026-03-03 21:29:00,0.0,synthetic
2026-03-03 21:30:00,0.0,synthetic
2026-03-03 21:31:00,0.0,synthetic
2026-03-03 21:32:00,0.0,synthetic
2026-03-03 21:33:00,24.899981497315487,synthetic
2026-03-03 21:34:00,15.73173728581798,synthetic
2026-03-03 21:35:00,4.514708826317644,synthetic
2026-03-03 21:36:00,0.0,synthetic
2026-03-03 21:37:00,0.0,synthetic
2026-03-03 21:38:00,2.4405440462651633,synthetic
2026-03-03 21:39:00,0.0,synthetic
2026-03-03 21:40:00,2.739732286997372,synthetic
2026-03-03 21:41:00,17.55743703320968,synthetic
2026-03-03 21:42:00,0.0,synthetic
2026-03-03 21:43:00,0.0,synthetic
2026-03-03 21:44:00,0.0,synthetic
2026-03-03 21:45:00,6.998049128004822,synthetic
2026-03-03 21:46:00,7.075019714651787,synthetic
2026-03-03 21:47:00,0.0,synthetic
2026-03-03 21:48:00,28.37592150946023,synthetic
2026-03-03 21:49:00,14.893042338608403,synthetic
2026-03-03 21:50:00,0.0,synthetic
2026-03-03 21:51:00,0.9030110126774933,synthetic
2026-03-03 21:52:00,6.589811453203414,synthetic
2026-03-03 21:53:00,0.0,synthetic
2026-03-03 21:54:00,0.0,synthetic
2026-03-03 21:55:00,8.3194598148085,synthetic
2026-03-03 21:56:00,6.439232605619431,synthetic
2026-03-03 21:57:00,8.177605489306906,synthetic
2026-03-03 21:58:00,5.946068747448895,synthetic
2026-03-03 21:59:00,1.2062606884430669,synthetic
2026-03-03 22:00:00,0.0,synthetic
2026-03-03 22:01:00,19.956761731645464,synthetic
2026-03-03 22:02:00,57.777101359859614,synthetic
2026-03-03 22:03:00,4.81238080742583,synthetic
2026-03-03 22:04:00,6.845329611741628,synthetic
2026-03-03 22:05:00,25.362704101821006,synthetic
2026-03-03 22:06:00,50.13610951236373,synthetic
2026-03-03 22:07:00,9.301827525410502,synthetic
2026-03-03 22:08:00,0.0,synthetic
2026-03-03 22:09:00,14.567523399297773,synthetic
2026-03-03 22:10:00,0.0,synthetic
2026-03-03 22:11:00,6.145400859864795,synthetic
2026-03-03 22:12:00,38.69995443234703,synthetic
2026-03-03 22:13:00,44.69398856104959,synthetic
2026-03-03 22:14:00,5.226944991664954,synthetic
2026-03-03 22:15:00,0.0,synthetic
2026-03-03 22:16:00,0.0,synthetic
2026-03-03 22:17:00,17.055974118115046,synthetic
2026-03-03 22:18:00,61.02850212249251,synthetic
2026-03-03 22:19:00,45.0977446489763,synthetic
2026-03-03 22:20:00,12.28083998753688,synthetic
2026-03-03 22:21:00,31.372270108317558,synthetic
2026-03-03 22:22:00,38.12271168304804,synthetic
2026-03-03 22:23:00,9.127765286554427,synthetic
2026-03-03 22:24:00,22.702951900860015,synthetic
2026-03-03 22:25:00,10.082756512478039,synthetic
2026-03-03 22:26:00,3.9453755164076494,synthetic
2026-03-03 22:27:00,16.011697080566474,synthetic
2026-03-03 22:28:00,22.446205211664463,synthetic
2026-03-03 22:29:00,43.757139750128985,synthetic
2026-03-03 22:30:00,24.15050853426331,synthetic
2026-03-03 22:31:00,34.89027285611974,synthetic
2026-03-03 22:32:00,9.621586932065908,synthetic
2026-03-03 22:33:00,68.54704637924837,synthetic
2026-03-03 22:34:00,28.677313592362957,synthetic
2026-03-03 22:35:00,26.392028368860576,synthetic
2026-03-03 22:36:00,13.763332232739588,synthetic
2026-03-03 22:37:00,10.774791081119817,synthetic
2026-03-03 22:38:00,0.6199191037070122,synthetic
2026-03-03 22:39:00,33.97622620128784,synthetic
2026-03-03 22:40:00,4.0096055829803845,synthetic
2026-03-03 22:41:00,31.201281699354915,synthetic
2026-03-03 22:42:00,48.04257134899733,synthetic
2026-03-03 22:43:00,32.521914373317614,synthetic
2026-03-03 22:44:00,32.441974365137455,synthetic
2026-03-03 22:45:00,57.095841766624574,synthetic
2026-03-03 22:46:00,36.92964379959155,synthetic
2026-03-03 22:47:00,28.591234707315547,synthetic
2026-03-03 22:48:00,49.656959871533005,synthetic
2026-03-03 22:49:00,30.961747207454103,synthetic
2026-03-03 22:50:00,10.087604539427371,synthetic
2026-03-03 22:51:00,0.0,synthetic
2026-03-03 22:52:00,44.257908565530556,synthetic
2026-03-03 22:53:00,43.79472747812886,synthetic
2026-03-03 22:54:00,48.00339159571188,synthetic
2026-03-03 22:55:00,60.635809374230604,synthetic
2026-03-03 22:56:00,43.47020099227754,synthetic
2026-03-03 22:57:00,16.84975778620646,synthetic
2026-03-03 22:58:00,5.902776089825458,synthetic
2026-03-03 22:59:00,0.4285959387611662,synthetic
2026-03-03 23:00:00,32.00761796675238,synthetic
2026-03-03 23:01:00,27.859478983106204,synthetic
2026-03-03 23:02:00,0.0,synthetic
2026-03-03 23:03:00,0.0,synthetic
2026-03-03 23:04:00,0.0,synthetic
2026-03-03 23:05:00,7.357611135044772,synthetic
2026-03-03 23:06:00,0.0,synthetic
2026-03-03 23:07:00,7.207157058032486,synthetic
2026-03-03 23:08:00,0.0,synthetic
2026-03-03 23:09:00,11.689816983837092,synthetic
2026-03-03 23:10:00,3.0000293955273643,synthetic
2026-03-03 23:11:00,1.7590019647788158,synthetic
2026-03-03 23:12:00,5.610880425833653,synthetic
2026-03-03 23:13:00,3.136723708863712,synthetic
2026-03-03 23:14:00,0.0,synthetic
2026-03-03 23:15:00,30.176953183953266,synthetic
2026-03-03 23:16:00,0.0,synthetic
2026-03-03 23:17:00,27.350643790082884,synthetic
2026-03-03 23:18:00,22.152875417062404,synthetic
2026-03-03 23:19:00,29.379321670229523,synthetic
2026-03-03 23:20:00,21.974383147305513,synthetic
2026-03-03 23:21:00,26.750184140290038,synthetic
2026-03-03 23:22:00,11.718644149049844,synthetic
2026-03-03 23:23:00,20.095913522027892,synthetic
2026-03-03 23:24:00,25.19836442427701,synthetic
2026-03-03 23:25:00,14.411650230583447,synthetic
2026-03-03 23:26:00,10.811392312458947,synthetic
2026-03-03 23:27:00,27.50485788823927,synthetic
2026-03-03 23:28:00,6.3099555035538355,synthetic
2026-03-03 23:29:00,1.4530724029768827,synthetic
2026-03-03 23:30:00,9.725112797988288,synthetic
2026-03-03 23:31:00,31.76347529611119,synthetic
2026-03-03 23:32:00,21.416507954133102,synthetic
2026-03-03 23:33:00,6.69391374900502,synthetic
2026-03-03 23:34:00,26.909229085897064,synthetic
2026-03-03 23:35:00,20.32140007947004,synthetic
2026-03-03 23:36:00,24.969602277746677,synthetic
2026-03-03 23:37:00,17.354479604415644,synthetic
2026-03-03 23:38:00,16.58764897653435,synthetic
2026-03-03 23:39:00,16.020852784404042,synthetic
2026-03-03 23:40:00,14.026477451516053,synthetic
2026-03-03 23:41:00,1.0239523233264656,synthetic
2026-03-03 23:42:00,15.263706372563831,synthetic
2026-03-03 23:43:00,11.07857948067918,synthetic
2026-03-03 23:44:00,22.72743470388001,synthetic
2026-03-03 23:45:00,11.914613941936082,synthetic
2026-03-03 23:46:00,18.559076082237404,synthetic
2026-03-03 23:47:00,18.846742155650247,synthetic
2026-03-03 23:48:00,16.110332456438258,synthetic
2026-03-03 23:49:00,23.16282183825404,synthetic
2026-03-03 23:50:00,22.590517706975195,synthetic
2026-03-03 23:51:00,12.733845555631877,synthetic
2026-03-03 23:52:00,25.580562411149216,synthetic
2026-03-03 23:53:00,27.20577746606107,synthetic
2026-03-03 23:54:00,27.553246119940333,synthetic
2026-03-03 23:55:00,15.27284244060942,synthetic
2026-03-03 23:56:00,21.922716348441153,synthetic
2026-03-03 23:57:00,16.08103323562486,synthetic
2026-03-03 23:58:00,25.65250308607118,synthetic
2026-03-03 23:59:00,23.77903636705238,synthetic
2026-03-04 00:00:00,18.56312051714311,synthetic
2026-03-04 00:01:00,22.815532788155778,synthetic
2026-03-04 00:02:00,34.8904819807663,synthetic
2026-03-04 00:03:00,21.43006350833564,synthetic
2026-03-04 00:04:00,8.31554764165382,synthetic
2026-03-04 00:05:00,30.557627038267288,synthetic
2026-03-04 00:06:00,42.06790756421772,synthetic
2026-03-04 00:07:00,24.08926825180709,synthetic
2026-03-04 00:08:00,21.423822558783847,synthetic
2026-03-04 00:09:00,27.952014410520235,synthetic
2026-03-04 00:10:00,17.609241245569354,synthetic
2026-03-04 00:11:00,10.467041472884466,synthetic
2026-03-04 00:12:00,23.69665045136402,synthetic
2026-03-04 00:13:00,14.304525216770799,synthetic
2026-03-04 00:14:00,4.760166053148865,synthetic
2026-03-04 00:15:00,15.497503257091399,synthetic
2026-03-04 00:16:00,34.14553321637596,synthetic
2026-03-04 00:17:00,25.015394751675732,synthetic
2026-03-04 00:18:00,4.23527139666338,synthetic
2026-03-04 00:19:00,0.0,synthetic
2026-03-04 00:20:00,5.032832714203783,synthetic
2026-03-04 00:21:00,26.327392319353052,synthetic
2026-03-04 00:22:00,55.95367448136773,synthetic
2026-03-04 00:23:00,53.286022724382434,synthetic
2026-03-04 00:24:00,0.0,synthetic
2026-03-04 00:25:00,0.0,synthetic
2026-03-04 00:26:00,38.256996803700396,synthetic
2026-03-04 00:27:00,36.69726825817429,synthetic
2026-03-04 00:28:00,0.0,synthetic
2026-03-04 00:29:00,38.261823696709726,synthetic
2026-03-04 00:30:00,11.29960726098091,synthetic
2026-03-04 00:31:00,65.3739129683539,synthetic
2026-03-04 00:32:00,23.044206734851304,synthetic
2026-03-04 00:33:00,0.0,synthetic
2026-03-04 00:34:00,7.7042962799694745,synthetic
2026-03-04 00:35:00,0.0,synthetic
2026-03-04 00:36:00,20.47337841989231,synthetic
2026-03-04 00:37:00,20.85625170252521,synthetic
2026-03-04 00:38:00,9.40071305582897,synthetic
2026-03-04 00:39:00,8.488449775703439,synthetic
2026-03-04 00:40:00,12.927508461816783,synthetic
2026-03-04 00:41:00,22.344375920908053,synthetic
2026-03-04 00:42:00,53.499589848769645,synthetic
2026-03-04 00:43:00,0.0,synthetic
2026-03-04 00:44:00,57.59912762898966,synthetic
2026-03-04 00:45:00,21.79419178129108,synthetic
2026-03-04 00:46:00,58.219812592790106,synthetic
2026-03-04 00:47:00,17.58224082193496,synthetic
2026-03-04 00:48:00,0.0,synthetic
2026-03-04 00:49:00,49.81202394176585,synthetic
2026-03-04 00:50:00,3.5660560207657674,synthetic
2026-03-04 00:51:00,23.309445221346902,synthetic
2026-03-04 00:52:00,37.422345625826466,synthetic
2026-03-04 00:53:00,0.0,synthetic
2026-03-04 00:54:00,0.0,synthetic
2026-03-04 00:55:00,46.62735543599827,synthetic
2026-03-04 00:56:00,0.0,synthetic
2026-03-04 00:57:00,0.0,synthetic
2026-03-04 00:58:00,53.11465459719075,synthetic
2026-03-04 00:59:00,0.0,synthetic
2026-03-04 01:00:00,2.2887584343586376,synthetic
2026-03-04 01:01:00,33.329578385809825,synthetic
2026-03-04 01:02:00,41.945087304331466,synthetic
2026-03-04 01:03:00,7.8443431974581515,synthetic
2026-03-04 01:04:00,0.0,synthetic
2026-03-04 01:05:00,0.0,synthetic
2026-03-04 01:06:00,33.47161939768139,synthetic
2026-03-04 01:07:00,39.541057314365844,synthetic
2026-03-04 01:08:00,8.762801016278146,synthetic
2026-03-04 01:09:00,27.198290391967113,synthetic
2026-03-04 01:10:00,5.330884927450164,synthetic
2026-03-04 01:11:00,8.167084912410052,synthetic
2026-03-04 01:12:00,0.0,synthetic
2026-03-04 01:13:00,0.0,synthetic
2026-03-04 01:14:00,19.14179638461376,synthetic
2026-03-04 01:15:00,24.276270900030656,synthetic
2026-03-04 01:16:00,5.774756726519671,synthetic
2026-03-04 01:17:00,23.274580055930354,synthetic
2026-03-04 01:18:00,32.34622169746564,synthetic
2026-03-04 01:19:00,23.1610122837377,synthetic
2026-03-04 01:20:00,65.37799400851638,synthetic
2026-03-04 01:21:00,42.076501408629774,synthetic
2026-03-04 01:22:00,10.262778687560466,synthetic
2026-03-04 01:23:00,20.235250551598398,synthetic
2026-03-04 01:24:00,25.75264251554456,synthetic
2026-03-04 01:25:00,16.501672020017914,synthetic
2026-03-04 01:26:00,0.0,synthetic
2026-03-04 01:27:00,28.226791916305324,synthetic
2026-03-04 01:28:00,10.092079569591826,synthetic
2026-03-04 01:29:00,1797.8587874136608,real
2026-03-04 01:30:00,1797.8587874136608,real
2026-03-04 01:31:00,1797.8587874136608,real
2026-03-04 01:32:00,1797.237145049885,real
2026-03-04 01:33:00,1795.8557175748274,real
2026-03-04 01:34:00,1794.4742900997699,real
2026-03-04 01:35:00,1793.092862624712,real
2026-03-04 23:08:00,6.907137375287903,real
2026-03-04 23:09:00,5.525709900230368,real
2026-03-04 23:10:00,4.1442824251728325,real
2026-03-04 23:11:00,2.7628549501152975,real
2026-03-04 23:12:00,1.3814274750577624,real
2026-03-04 23:13:00,0.0,real
2026-03-04 23:14:00,1500.0,real
2026-03-04 23:15:00,1797.8587874136608,real
2026-03-04 23:16:00,1500.0,real
2026-03-04 23:17:00,0.0,real
2026-03-04 23:18:00,0.03172106060606061,real
2026-03-04 23:19:00,0.06344212121212121,real
2026-03-04 23:20:00,0.09516318181818183,real
2026-03-04 23:21:00,0.12688424242424243,real
2026-03-04 23:22:00,0.15860530303030304,real
2026-03-05 13:30:00,27.058064696969698,real
2026-03-05 13:31:00,27.089785757575758,real
2026-03-05 13:32:00,27.121506818181818,real
2026-03-05 13:33:00,27.15322787878788,real
2026-03-05 13:34:00,27.18494893939394,real
2026-03-05 13:35:00,27.21667,real
2026-03-05 13:36:00,17.2916685,real
2026-03-05 13:37:00,7.366667,real
2026-03-05 13:38:00,7.15,real
2026-03-05 13:39:00,6.933333,real
2026-03-05 13:40:00,17.36667,real
2026-03-05 13:41:00,22.2,real
2026-03-05 13:42:00,27.03333,real
2026-03-05 13:43:00,29.48333,real
2026-03-05 13:44:00,28.10833,real
2026-03-05 13:45:00,26.73333,real
2026-03-05 13:46:00,25.22291375,real
2026-03-05 13:47:00,23.712497499999998,real
2026-03-05 13:48:00,22.20208125,real
2026-03-05 13:49:00,20.691665,real
2026-03-05 13:50:00,19.18124875,real
2026-03-05 13:51:00,17.6708325,real
2026-03-05 13:52:00,16.16041625,real
2026-03-05 13:53:00,14.65,real
2026-03-05 13:54:00,13.3,real
2026-03-05 13:55:00,11.95,real
2026-03-05 13:56:00,10.3916665,real
2026-03-05 13:57:00,8.833333,real
2026-03-05 13:58:00,10.41667,real
2026-03-05 13:59:00,59.83887999999999,real
2026-03-05 14:00:00,109.26108999999998,real
2026-03-05 14:01:00,158.6833,real
2026-03-05 14:02:00,157.2111,real
2026-03-05 14:03:00,155.7389,real
2026-03-05 14:04:00,154.2667,real
2026-03-05 14:05:00,152.675,real
2026-03-05 14:06:00,151.0833,real
2026-03-05 14:07:00,167.6167,real
2026-03-05 14:08:00,145.95835,real
2026-03-05 14:09:00,124.3,real
2026-03-05 14:10:00,121.625,real
2026-03-05 14:11:00,118.95,real
2026-03-05 14:12:00,120.90835,real
2026-03-05 14:13:00,122.8667,real
2026-03-05 14:14:00,121.6667,real
2026-03-05 14:15:00,151.8667,real
2026-03-05 14:16:00,136.425,real
2026-03-05 14:17:00,120.9833,real
2026-03-05 14:18:00,121.19521428571429,real
2026-03-05 14:19:00,121.40712857142857,real
2026-03-05 14:20:00,121.61904285714286,real
2026-03-05 14:21:00,121.83095714285714,real
2026-03-05 14:22:00,122.04287142857143,real
2026-03-05 14:23:00,122.25478571428572,real
2026-03-05 14:24:00,122.4667,real
2026-03-05 14:25:00,118.53335,real
2026-03-05 14:26:00,114.6,real
2026-03-05 14:27:00,147.55835,real
2026-03-05 14:28:00,180.5167,real
2026-03-05 14:29:00,187.9167,real
2026-03-05 14:30:00,195.3167,real
2026-03-05 14:31:00,185.1,real
2026-03-05 14:32:00,179.94164999999998,real
2026-03-05 14:33:00,174.7833,real
2026-03-05 14:34:00,187.9333,real
2026-03-05 14:35:00,192.98329999999999,real
2026-03-05 14:36:00,198.0333,real
2026-03-05 14:37:00,191.14999999999998,real
2026-03-05 14:38:00,184.2667,real
2026-03-05 14:39:00,187.25,real
2026-03-05 14:40:00,184.89165,real
2026-03-05 14:41:00,182.5333,real
2026-03-05 14:42:00,178.45,real
2026-03-05 14:43:00,174.3667,real
2026-03-05 14:44:00,172.2667,real
2026-03-05 14:45:00,170.975,real
2026-03-05 14:46:00,169.6833,real
2026-03-05 14:47:00,173.0667,real
2026-03-05 14:48:00,173.9333,real
2026-03-05 14:49:00,175.025,real
2026-03-05 14:50:00,176.1167,real
2026-03-05 14:51:00,174.4,real
2026-03-05 14:52:00,174.4167,real
2026-03-05 14:53:00,172.2167,real
2026-03-05 14:54:00,172.125,real
2026-03-05 14:55:00,172.0333,real
2026-03-05 14:56:00,170.475,real
2026-03-05 14:57:00,168.9167,real
2026-03-05 14:58:00,165.23335,real
2026-03-05 14:59:00,161.55,real
2026-03-05 15:00:00,130.53333,real
2026-03-05 15:01:00,99.51666,real
2026-03-05 15:02:00,76.41666,real
2026-03-05 15:03:00,77.66666,real
2026-03-05 15:04:00,73.28333,real
2026-03-05 15:05:00,73.30000000000001,real
2026-03-05 15:06:00,73.31667,real
2026-03-05 15:07:00,80.15,real
2026-03-05 15:08:00,108.6833,real
2026-03-05 15:09:00,112.00829999999999,real
2026-03-05 15:10:00,115.3333,real
2026-03-05 15:11:00,116.71664999999999,real
2026-03-05 15:12:00,118.1,real
2026-03-05 15:13:00,110.0,real
2026-03-05 15:14:00,106.725,real
2026-03-05 15:15:00,103.45,real
2026-03-05 15:16:00,104.15,real
2026-03-05 15:17:00,99.38333,real
2026-03-05 15:18:00,102.333315,real
2026-03-05 15:19:00,105.2833,real
2026-03-05 15:20:00,99.53333,real
2026-03-05 15:21:00,176.6333,real
2026-03-05 15:22:00,168.3833,real
2026-03-05 15:23:00,160.1333,real
2026-03-05 15:24:00,171.15,real
2026-03-05 15:25:00,174.7667,real
2026-03-05 15:26:00,159.4167,real
2026-03-05 15:27:00,156.2917,real
2026-03-05 15:28:00,153.1667,real
2026-03-05 15:29:00,15.75,real
2026-03-05 15:30:00,91.81665,real
2026-03-05 15:31:00,167.8833,real
2026-03-05 15:32:00,167.10829999999999,real
2026-03-05 15:33:00,166.3333,real
2026-03-05 15:34:00,153.45,real
2026-03-05 15:35:00,150.68335,real
2026-03-05 15:36:00,147.9167,real
2026-03-05 15:37:00,140.9833,real
2026-03-05 15:38:00,141.21665000000002,real
2026-03-05 15:39:00,141.45,real
2026-03-05 15:40:00,142.13335,real
2026-03-05 15:41:00,142.8167,real
2026-03-05 15:42:00,143.9667,real
2026-03-05 15:43:00,137.9167,real
2026-03-05 15:44:00,115.7667,real
2026-03-05 15:45:00,135.025,real
2026-03-05 15:46:00,154.2833,real
2026-03-05 15:47:00,156.86665,real
2026-03-05 15:48:00,159.45,real
2026-03-05 15:49:00,147.7667,real
2026-03-05 15:50:00,145.0333,real
2026-03-05 15:51:00,144.3833,real
2026-03-05 15:52:00,146.98329999999999,real
2026-03-05 15:53:00,149.5833,real
2026-03-05 15:54:00,147.97500000000002,real
2026-03-05 15:55:00,146.3667,real
2026-03-05 15:56:00,145.2167,real
2026-03-05 15:57:00,144.36669999999998,real
2026-03-05 15:58:00,143.5167,real
2026-03-05 15:59:00,94.66666,real
2026-03-05 16:00:00,89.56667,real
2026-03-05 16:01:00,70.9,real
2026-03-05 16:02:00,47.5,real
2026-03-05 16:03:00,47.63333,real
2026-03-05 16:04:00,47.76666,real
2026-03-05 16:05:00,47.56667,real
2026-03-05 16:06:00,47.409164470198675,real
2026-03-05 16:07:00,47.251658940397355,real
2026-03-05 16:08:00,47.09415341059603,real
2026-03-05 16:09:00,46.9366478807947,real
2026-03-05 16:10:00,46.77914235099338,real
2026-03-05 21:02:00,0.787527649006627,real
2026-03-05 21:03:00,0.6300221192053002,real
2026-03-05 21:04:00,0.47251658940398045,real
2026-03-05 21:05:00,0.31501105960265363,real
2026-03-05 21:06:00,0.15750552980132682,real
2026-03-05 21:07:00,0.0,real
2026-03-05 21:08:00,0.0,real
2026-03-05 21:09:00,0.0,real
2026-03-05 21:10:00,0.0,real
2026-03-05 21:11:00,0.0,real
2026-03-05 21:12:00,0.0,real
2026-03-05 21:13:00,0.0,real
2026-03-05 21:14:00,0.0,real
2026-03-05 21:15:00,0.0,real
2026-03-05 21:16:00,0.0,real
2026-03-05 21:17:00,0.0,real
2026-03-05 21:18:00,0.0,real
2026-03-05 21:19:00,0.0,real
2026-03-05 21:20:00,0.0,real
2026-03-05 21:21:00,0.0,real
2026-03-05 21:22:00,0.0,real
2026-03-05 21:23:00,0.0,real
2026-03-05 21:24:00,0.0,real
2026-03-05 21:25:00,0.0,real
2026-03-05 21:26:00,0.0,real
2026-03-05 21:27:00,0.0,real
2026-03-05 21:28:00,0.0,real
2026-03-05 21:29:00,0.0,real
2026-03-05 21:30:00,0.0,real
2026-03-05 21:31:00,0.0,real
2026-03-05 21:32:00,0.0,real
2026-03-05 21:33:00,0.0,real
2026-03-05 21:34:00,0.0,real
2026-03-05 21:35:00,0.0,real
2026-03-05 21:36:00,0.0,real
2026-03-05 21:37:00,0.0,real
2026-03-05 21:38:00,0.0,real
2026-03-05 21:39:00,0.0,real
2026-03-05 21:40:00,0.0,real
2026-03-05 21:41:00,0.0,real
2026-03-05 21:42:00,0.0,real
2026-03-05 21:43:00,0.0,real
2026-03-05 21:44:00,0.0,real
2026-03-05 21:45:00,0.0,real
2026-03-05 21:46:00,0.0,real
2026-03-05 21:47:00,0.0,real
2026-03-05 21:48:00,0.0,real
2026-03-05 21:49:00,0.0,real
2026-03-05 21:50:00,0.0,real
2026-03-05 21:51:00,0.0,real
2026-03-05 21:52:00,0.0,real
2026-03-05 21:53:00,0.0,real
2026-03-05 21:54:00,0.0,real
2026-03-05 21:55:00,0.00641025641025641,real
2026-03-05 21:56:00,0.01282051282051282,real
2026-03-05 21:57:00,0.019230769230769232,real
2026-03-05 21:58:00,0.02564102564102564,real
2026-03-05 21:59:00,0.032051282051282055,real
2026-03-05 23:07:00,0.46794871794871795,real
2026-03-05 23:08:00,0.4743589743589744,real
2026-03-05 23:09:00,0.4807692307692308,real
2026-03-05 23:10:00,0.48717948717948717,real
2026-03-05 23:11:00,0.4935897435897436,real
2026-03-05 23:12:00,0.5,real
2026-03-05 23:13:00,0.4916665,real
2026-03-05 23:14:00,0.483333,real
2026-03-05 23:15:00,0.483333,real
2026-03-05 23:16:00,19.1,real
2026-03-05 23:17:00,19.1,real
2026-03-05 23:18:00,19.1,real
2026-03-05 23:19:00,19.1,real
2026-03-05 23:20:00,19.1,real
2026-03-05 23:21:00,19.1,real
2026-03-05 23:22:00,19.1,real
2026-03-05 23:23:00,19.1,real
2026-03-05 23:24:00,19.1,real
2026-03-05 23:25:00,19.1,real
2026-03-05 23:26:00,19.1,real
2026-03-05 23:27:00,19.1,real
2026-03-05 23:28:00,19.1,real
2026-03-05 23:29:00,19.1,real
2026-03-05 23:30:00,19.1,real
2026-03-05 23:31:00,19.1,real
2026-03-05 23:32:00,19.1,real
2026-03-05 23:33:00,19.1,real
2026-03-05 23:34:00,19.1,real
2026-03-05 23:35:00,19.11667,real
2026-03-05 23:36:00,19.125,real
2026-03-05 23:37:00,19.13333,real
2026-03-05 23:38:00,19.16667,real
2026-03-05 23:39:00,19.18333,real
2026-03-05 23:40:00,19.2,real
2026-03-05 23:41:00,19.2,real
2026-03-05 23:42:00,19.2,real
2026-03-05 23:43:00,19.2,real
2026-03-05 23:44:00,19.2,real
2026-03-05 23:45:00,19.2,real
2026-03-05 23:46:00,19.2,real
2026-03-05 23:47:00,19.2,real
2026-03-05 23:48:00,19.2,real
2026-03-05 23:49:00,19.2,real
2026-03-05 23:50:00,19.2,real
2026-03-05 23:51:00,19.2,real
2026-03-05 23:52:00,19.2,real
2026-03-05 23:53:00,19.2,real
2026-03-05 23:54:00,19.2,real
2026-03-05 23:55:00,19.2,real
2026-03-05 23:56:00,19.2,real
2026-03-05 23:57:00,19.2,real
2026-03-05 23:58:00,19.2,real
2026-03-05 23:59:00,19.2,real
2026-03-06 00:00:00,19.2,real
2026-03-06 00:01:00,19.2,real
2026-03-06 00:02:00,19.2,real
2026-03-06 00:03:00,19.2,real
2026-03-06 00:04:00,19.2,real
2026-03-06 00:05:00,19.2,real
2026-03-06 00:06:00,19.2,real
2026-03-06 00:07:00,19.2,real
2026-03-06 00:08:00,19.2,real
2026-03-06 00:09:00,19.2,real
2026-03-06 00:10:00,19.2,real
2026-03-06 00:11:00,19.186066763425252,real
2026-03-06 00:12:00,19.17213352685051,real
2026-03-06 00:13:00,19.15820029027576,real
2026-03-06 00:14:00,19.144267053701014,real
2026-03-06 00:15:00,19.13033381712627,real
2026-03-06 23:03:00,0.06966618287373194,real
2026-03-06 23:04:00,0.05573294629898484,real
2026-03-06 23:05:00,0.041799709724237744,real
2026-03-06 23:06:00,0.027866473149490645,real
2026-03-06 23:07:00,0.013933236574747099,real
2026-03-06 23:08:00,0.0,real
2026-03-06 23:09:00,6.8500000000000005,real
2026-03-06 23:10:00,13.700000000000001,real
2026-03-06 23:11:00,20.55,real
2026-03-06 23:12:00,20.266665,real
2026-03-06 23:13:00,19.98333,real
2026-03-06 23:14:00,19.7,real
2026-03-06 23:15:00,19.65,real
2026-03-06 23:16:00,19.6,real
2026-03-06 23:17:00,19.55,real
2026-03-06 23:18:00,19.5,real
2026-03-06 23:19:00,19.5,real
2026-03-06 23:20:00,19.5,real
2026-03-06 23:21:00,19.46667,real
2026-03-06 23:22:00,19.41667,real
2026-03-06 23:23:00,19.408335,real
2026-03-06 23:24:00,19.4,real
2026-03-06 23:25:00,19.4,real
2026-03-06 23:26:00,19.4,real
2026-03-06 23:27:00,19.391665,real
2026-03-06 23:28:00,19.38333,real
2026-03-06 23:29:00,19.38333,real
2026-03-06 23:30:00,19.36667,real
2026-03-06 23:31:00,19.38333,real
2026-03-06 23:32:00,19.31667,real
2026-03-06 23:33:00,19.31667,real
2026-03-06 23:34:00,19.31667,real
2026-03-06 23:35:00,19.31667,real
2026-03-06 23:36:00,19.258335,real
2026-03-06 23:37:00,19.2,real
2026-03-06 23:38:00,19.241664999999998,real
2026-03-06 23:39:00,19.28333,real
2026-03-06 23:40:00,19.23333,real
2026-03-06 23:41:00,19.15833,real
2026-03-06 23:42:00,19.08333,real
2026-03-06 23:43:00,19.15,real
2026-03-06 23:44:00,19.21667,real
2026-03-06 23:45:00,19.183335,real
2026-03-06 23:46:00,19.15,real
2026-03-06 23:47:00,19.1,real
2026-03-06 23:48:00,19.15,real
